-- MySQL dump 10.13  Distrib 5.7.23, for osx10.13 (x86_64)
--
-- Host: its-web-sql-003.its.unibas.ch    Database: tutorial_anatomie_unibas_ch_02
-- ------------------------------------------------------
-- Server version	5.5.5-10.0.36-MariaDB-0ubuntu0.16.04.1

/*!40101 SET @OLD_CHARACTER_SET_CLIENT=@@CHARACTER_SET_CLIENT */;
/*!40101 SET @OLD_CHARACTER_SET_RESULTS=@@CHARACTER_SET_RESULTS */;
/*!40101 SET @OLD_COLLATION_CONNECTION=@@COLLATION_CONNECTION */;
/*!40101 SET NAMES utf8 */;
/*!40103 SET @OLD_TIME_ZONE=@@TIME_ZONE */;
/*!40103 SET TIME_ZONE='+00:00' */;
/*!40014 SET @OLD_UNIQUE_CHECKS=@@UNIQUE_CHECKS, UNIQUE_CHECKS=0 */;
/*!40014 SET @OLD_FOREIGN_KEY_CHECKS=@@FOREIGN_KEY_CHECKS, FOREIGN_KEY_CHECKS=0 */;
/*!40101 SET @OLD_SQL_MODE=@@SQL_MODE, SQL_MODE='NO_AUTO_VALUE_ON_ZERO' */;
/*!40111 SET @OLD_SQL_NOTES=@@SQL_NOTES, SQL_NOTES=0 */;

--
-- Table structure for table `anatomie_neuro_answers`
--

DROP TABLE IF EXISTS `anatomie_neuro_answers`;
/*!40101 SET @saved_cs_client     = @@character_set_client */;
/*!40101 SET character_set_client = utf8 */;
CREATE TABLE `anatomie_neuro_answers` (
  `answer_id` int(11) NOT NULL AUTO_INCREMENT,
  `question_id` int(11) NOT NULL,
  `element_id` int(11) DEFAULT NULL,
  `title` varchar(255) DEFAULT NULL,
  `correct` tinyint(1) DEFAULT NULL,
  PRIMARY KEY (`answer_id`),
  KEY `fk_anatomie_neuro_answers_elements1` (`element_id`),
  KEY `question_id` (`question_id`),
  CONSTRAINT `fk_anatomie_neuro_answers_elements1` FOREIGN KEY (`element_id`) REFERENCES `anatomie_neuro_elements` (`element_id`) ON DELETE NO ACTION ON UPDATE NO ACTION
) ENGINE=InnoDB AUTO_INCREMENT=100 DEFAULT CHARSET=utf8;
/*!40101 SET character_set_client = @saved_cs_client */;

--
-- Dumping data for table `anatomie_neuro_answers`
--

LOCK TABLES `anatomie_neuro_answers` WRITE;
/*!40000 ALTER TABLE `anatomie_neuro_answers` DISABLE KEYS */;
INSERT INTO `anatomie_neuro_answers` VALUES (1,2,NULL,'A. carotis communis',1),(2,1,1,'',1),(4,2,NULL,'A. carotis comm.',1),(5,3,NULL,'Canalis caroticus',1),(6,6,NULL,'Plexus caroticus',1),(7,6,NULL,'sympathisch',1),(8,5,NULL,'A. ophthalmica',1),(9,9,NULL,'A1',1),(10,9,NULL,'A2',1),(11,10,NULL,'A2',1),(12,13,NULL,'M1',1),(13,13,NULL,'M2',1),(14,13,NULL,'M3',1),(15,14,NULL,'Mediainfarkt',1),(16,16,NULL,'M2',1),(17,19,NULL,'keine',1),(18,21,NULL,'Ependym',1),(19,25,NULL,'Substantia grisea centralis',1),(20,25,NULL,'zentrales Hölengrau',1),(21,26,NULL,'keiner',1),(22,28,NULL,'Fossa cranii anterior',1),(23,28,NULL,'vordere Schädelgrube',1),(24,29,NULL,'Fila olfactoria',1),(25,29,NULL,'Riechfäden',1),(26,30,NULL,'Lamina cribrosa',1),(27,30,NULL,'Lamina cribrosa ossis ethmoidalis',1),(28,32,NULL,'Riechsinn',1),(29,32,NULL,'Geruchssinn',1),(30,32,NULL,'olfaktorisches System',1),(31,35,NULL,'Telencephalon',1),(32,35,NULL,'Endhirn',1),(33,47,NULL,'Cortex',1),(34,47,NULL,'Hirnrinde',1),(35,48,NULL,'Basalganglien',1),(36,49,NULL,'Telencephalon',1),(37,49,NULL,'Endhirn',1),(38,52,NULL,'Basalganglien',1),(39,52,NULL,'Extrapyramidales System',1),(40,52,NULL,'EPS',1),(41,48,NULL,'Extrapyramidales System',1),(42,48,NULL,'EPS',1),(43,53,NULL,'Telencephalon',1),(44,53,NULL,'Endhirn',1),(45,56,NULL,'Projektionsfasern',1),(46,56,NULL,'Assoziationsfasern',1),(47,56,NULL,'Commissurenfasern',1),(48,57,NULL,'Telencephalon',1),(49,57,NULL,'Endhirn',1),(50,59,NULL,'Fossa cranii posterior',1),(51,59,NULL,'hintere Schädelgrube',1),(52,60,NULL,'Tentorium cerebelli',1),(53,60,NULL,'Kleinhirnzelt',1),(54,67,NULL,'Diencephalon',1),(55,67,NULL,'Zwischenhirn',1),(56,68,NULL,'optisches System',1),(57,68,NULL,'Sehsinn',1),(58,68,NULL,'Sehbahn',1),(59,69,NULL,'Cisterna chiasmatica',1),(60,75,NULL,'Telencephalon',1),(61,75,NULL,'Endhirn',1),(62,82,NULL,'akustisches System',1),(63,82,NULL,'Hörbahn',1),(64,82,NULL,'Hörsinn',1),(65,84,NULL,'Cisterna ambiens',1),(66,87,NULL,'Sehbahn',1),(67,87,NULL,'Sehsinn',1),(68,87,NULL,'optisches System',1),(69,88,NULL,'Retina',1),(70,89,NULL,'Cisterna ambiens',1),(71,100,NULL,'Ependymzellen',1),(72,103,NULL,'Lobus frontalis',1),(73,103,NULL,'Frontallappen',1),(74,104,NULL,'Foramen interventriculare',1),(75,104,NULL,'Foramen Monroi',1),(76,106,NULL,'Amygdala',1),(77,106,NULL,'Corpus amygdaloideum',1),(78,106,NULL,'Mandelkern',1),(79,109,NULL,'Lobus temporalis',1),(80,109,NULL,'Temporallappen',1),(81,110,NULL,'Plexus choroideus ventriculi lateralis',1),(82,110,NULL,'Plexus choroideus ventriculi lat.',1),(83,110,NULL,'Plexus choroideus, Seitenventrikel',1),(84,112,NULL,'Subduralhämatom',1),(85,114,NULL,'Lobus occipitalis',1),(86,114,NULL,'Hinterhauptslappen',1),(87,115,NULL,'keine',1),(88,118,NULL,'Projektionsbahnen',1),(89,119,NULL,'Basalganglien',1),(90,122,NULL,'Lobus temporalis',1),(91,122,NULL,'Temporallappen',1),(92,128,NULL,'Telencephalon',1),(93,128,NULL,'Endhirn',1),(94,129,NULL,'median Sagittalschnitt',1),(95,132,NULL,'Sehsinn',1),(96,132,NULL,'Sehbahn',1),(97,132,NULL,'optisches System',1),(98,133,NULL,'Diencephalon',1),(99,133,NULL,'Zwischenhirn',1);
/*!40000 ALTER TABLE `anatomie_neuro_answers` ENABLE KEYS */;
UNLOCK TABLES;

--
-- Table structure for table `anatomie_neuro_attributes`
--

DROP TABLE IF EXISTS `anatomie_neuro_attributes`;
/*!40101 SET @saved_cs_client     = @@character_set_client */;
/*!40101 SET character_set_client = utf8 */;
CREATE TABLE `anatomie_neuro_attributes` (
  `attribute_id` int(11) NOT NULL AUTO_INCREMENT,
  `name` varchar(255) DEFAULT NULL,
  `display_order` tinyint(4) NOT NULL DEFAULT '1',
  PRIMARY KEY (`attribute_id`)
) ENGINE=InnoDB DEFAULT CHARSET=utf8;
/*!40101 SET character_set_client = @saved_cs_client */;

--
-- Dumping data for table `anatomie_neuro_attributes`
--

LOCK TABLES `anatomie_neuro_attributes` WRITE;
/*!40000 ALTER TABLE `anatomie_neuro_attributes` DISABLE KEYS */;
/*!40000 ALTER TABLE `anatomie_neuro_attributes` ENABLE KEYS */;
UNLOCK TABLES;

--
-- Table structure for table `anatomie_neuro_attributes_elements`
--

DROP TABLE IF EXISTS `anatomie_neuro_attributes_elements`;
/*!40101 SET @saved_cs_client     = @@character_set_client */;
/*!40101 SET character_set_client = utf8 */;
CREATE TABLE `anatomie_neuro_attributes_elements` (
  `id` int(11) NOT NULL AUTO_INCREMENT,
  `element_id` int(11) NOT NULL,
  `attribute_id` int(11) NOT NULL,
  `value` varchar(255) DEFAULT NULL,
  PRIMARY KEY (`id`)
) ENGINE=InnoDB DEFAULT CHARSET=utf8;
/*!40101 SET character_set_client = @saved_cs_client */;

--
-- Dumping data for table `anatomie_neuro_attributes_elements`
--

LOCK TABLES `anatomie_neuro_attributes_elements` WRITE;
/*!40000 ALTER TABLE `anatomie_neuro_attributes_elements` DISABLE KEYS */;
/*!40000 ALTER TABLE `anatomie_neuro_attributes_elements` ENABLE KEYS */;
UNLOCK TABLES;

--
-- Table structure for table `anatomie_neuro_attributes_topics`
--

DROP TABLE IF EXISTS `anatomie_neuro_attributes_topics`;
/*!40101 SET @saved_cs_client     = @@character_set_client */;
/*!40101 SET character_set_client = utf8 */;
CREATE TABLE `anatomie_neuro_attributes_topics` (
  `id` int(11) NOT NULL AUTO_INCREMENT,
  `topic_id` int(11) NOT NULL,
  `attribute_id` int(11) NOT NULL,
  PRIMARY KEY (`id`)
) ENGINE=InnoDB DEFAULT CHARSET=utf8;
/*!40101 SET character_set_client = @saved_cs_client */;

--
-- Dumping data for table `anatomie_neuro_attributes_topics`
--

LOCK TABLES `anatomie_neuro_attributes_topics` WRITE;
/*!40000 ALTER TABLE `anatomie_neuro_attributes_topics` DISABLE KEYS */;
/*!40000 ALTER TABLE `anatomie_neuro_attributes_topics` ENABLE KEYS */;
UNLOCK TABLES;

--
-- Table structure for table `django_migrations`
--

DROP TABLE IF EXISTS `django_migrations`;
/*!40101 SET @saved_cs_client     = @@character_set_client */;
/*!40101 SET character_set_client = utf8 */;
CREATE TABLE `django_migrations` (
  `id` int(11) NOT NULL AUTO_INCREMENT,
  `app` varchar(255) NOT NULL,
  `name` varchar(255) NOT NULL,
  `applied` datetime(6) NOT NULL,
  PRIMARY KEY (`id`)
) ENGINE=InnoDB DEFAULT CHARSET=utf8mb4;
/*!40101 SET character_set_client = @saved_cs_client */;

--
-- Dumping data for table `django_migrations`
--

LOCK TABLES `django_migrations` WRITE;
/*!40000 ALTER TABLE `django_migrations` DISABLE KEYS */;
/*!40000 ALTER TABLE `django_migrations` ENABLE KEYS */;
UNLOCK TABLES;

--
-- Table structure for table `anatomie_neuro_elements`
--

DROP TABLE IF EXISTS `anatomie_neuro_elements`;
/*!40101 SET @saved_cs_client     = @@character_set_client */;
/*!40101 SET character_set_client = utf8 */;
CREATE TABLE `anatomie_neuro_elements` (
  `element_id` int(11) NOT NULL AUTO_INCREMENT,
  `topic_id` int(11) NOT NULL,
  `name` varchar(255) DEFAULT NULL,
  `name_variante` text,
  `name_display` text,
  `wissen` text,
  `info` text,
  PRIMARY KEY (`element_id`)
) ENGINE=InnoDB AUTO_INCREMENT=144 DEFAULT CHARSET=utf8;
/*!40101 SET character_set_client = @saved_cs_client */;

--
-- Dumping data for table `anatomie_neuro_elements`
--

LOCK TABLES `anatomie_neuro_elements` WRITE;
/*!40000 ALTER TABLE `anatomie_neuro_elements` DISABLE KEYS */;
INSERT INTO `anatomie_neuro_elements` VALUES (1,1,'A. carotis interna','A. carotis int.','','',''),(2,1,'A. cerebri anterior','A. cerebri ant.','','',''),(3,1,'A. cerebri media','A. cerebri med.','','',''),(4,1,'Adhaesio interthalamica','Adhesio interthalamica','','',''),(5,1,'Aquaeductus cerebri ','Aquaeductus mesencephali\r\nAquaeductus Sylvii','','',''),(6,1,'Capsula externa','Capsula ext.','','',''),(7,1,'Capsula extrema','','','',''),(8,1,'Capsula interna','Capsula int.','','',''),(9,1,'Crus anterius','Crus ant.','','',''),(10,1,'Crus posterius','Crus post.','','',''),(11,1,'Genu','','','',''),(12,1,'Centrum semiovale','','','',''),(13,1,'Cerebellum','Kleinhirn','','',''),(14,1,'Chiasma opticum','','','',''),(15,1,'Claustrum','','','',''),(16,1,'Commissura anterior','Commissura ant.','','',''),(17,1,'Commissura posterior','Commissura post.','','',''),(18,1,'','','','',''),(19,1,'Amygdala','Corpus amygdaloideum\r\nMandelkern','','',''),(20,1,'Corpus callosum','Balken','','',''),(22,1,'Genu','Genu corporis callosi','','',''),(23,1,'Splenium','Splenium corporis callosi','','',''),(24,1,'Truncus','Truncus corporis callosi','','',''),(25,1,'Corpus geniculatum laterale','Corpus geniculatum lat.','','',''),(26,1,'Corpus geniculatum mediale','Corpus geniculatum med.','','',''),(27,1,'Corpus mamillare','Corpus mammillare','','',''),(28,1,'Corpus pineale','Glandula pinealis, Epiphyse, Epiphysis','','',''),(29,1,'Crus cerebri','','','',''),(30,1,'Decussatio pedunculorum cerebellarium superiorum','','','',''),(31,1,'Fimbria hippocampi','Fimbria fornicis','','',''),(32,1,'Fissura longitudinalis cerebri','','','',''),(33,1,'Fornix','','','',''),(34,1,'Columna fornicis','','','',''),(35,1,'Corpus','Corpus fornicis','','',''),(36,1,'Crus','Crus fornicis','','',''),(37,1,'Fossa interpeduncularis','','','',''),(38,1,'Globus pallidus','','','',''),(39,1,'Gyrus cinguli','','','',''),(40,1,'Gyrus frontalis superior','Gyrus frontalis sup.','','',''),(41,1,'Hemispherium cerebelli','','','',''),(42,1,'Hippocampus','','','',''),(43,1,'Hypothalamus','','','',''),(44,1,'Infundibulum','','','',''),(45,1,'Insula','Cortex insularis\r\nInselrinde','','',''),(46,1,'Medulla oblongata','verlängertes Mark','','',''),(47,1,'Nuclei septales','Ncll. septales','','',''),(48,1,'Ncl. accumbens','Nucleus accumbens','','',''),(49,1,'Ncl. caudatus','Nucleus caudatus','','',''),(50,1,'Ncl. caudatus, Caput','Nucleus caudatus, Caput\r\nCaput nuclei caudati ','','',''),(51,1,'Ncl. caudatus, Cauda','Nucleus caudatus, Cauda\r\nCauda nuclei caudati','','',''),(52,1,'Ncl. dentatus','Nucleus dentatus','','',''),(53,1,'Ncl. ruber','Nucleus ruber','','',''),(54,1,'Pedunculus cerebri','','','',''),(55,1,'Plexus choroideus','','','',''),(56,1,'Polus frontalis','','','',''),(57,1,'Polus occipitalis','','','',''),(58,1,'Pons','','','',''),(59,1,'Pulvinar thalami','Pulvinar','','',''),(60,1,'Putamen','','','',''),(61,1,'Radiatio optica','','','',''),(62,1,'Recessus supraopticus','','','',''),(63,1,'Septum pellucidum','','','',''),(64,1,'Substantia alba','weisse Substanz','','',''),(65,1,'Substantia grisea','graue Substanz','','',''),(66,1,'Substantia nigra','','','',''),(67,1,'Sulcus calcarinus','','','',''),(68,1,'Sulcus lateralis','Sulcus lat.\r\nFissura lateralis\r\nFissura lat.\r\nFissura sylvii\r\nSylvische Furche ','','',''),(69,1,'Sulcus parietooccipitalis','','','',''),(70,1,'Colliculus inferior','Colliculus inf.','','',''),(71,1,'Colliculus superior','Colliculus sup.','','',''),(72,1,'Tegmentum mesencephali','','','',''),(73,1,'Thalamus','','','',''),(74,1,'Tractus opticus','','','',''),(75,1,'Ventriculus lateralis','Ventriculus lat.\r\nSeitenventrikel ','','',''),(77,1,'Cornu anterius ','Cornu ant.\r\nCornu frontale\r\nCornu frontale ventriculi lateralis\r\nCornu anterius ventriculi lateralis','','',''),(78,1,'Cornu inferius','Cornu inf.\r\nCornu temporale','','',''),(79,1,'Cornu posterius','Cornu post.\r\nCornu occipitale\r\nCornu posterius ventriculi lateralis\r\nCornu occipitale ventriculi lateralis','','',''),(80,1,'Ventriculus quartus','IV. Ventrikel','','',''),(81,1,'Ventriculus tertius','III. Ventrikel','','',''),(82,1,'Vermis cerebelli','Kleinhirnwurm','','',''),(83,1,'Globus pallidus externus','Globus pallidus ext.','','',''),(84,1,'Globus pallidus internus','Globus pallidus int.','','',''),(85,1,'Corona radiata','','','',''),(86,1,'Bulbus olfactorius','','','',''),(87,1,'N. oculomotorius','III. Hirnnerv\r\nIII. HN','','',''),(88,1,'Tractus corticospinalis','Pyramidenbahn','','',''),(89,1,'Oliva','Olive','','',''),(90,1,'Sinus frontalis','','','',''),(91,1,'Crista galli','','','',''),(92,1,'Falx cerebri','','','',''),(93,1,'Brückenvene','V. pontis','','',''),(94,1,'Sinus sagittalis superior','Sinus sagittalis sup.','','',''),(95,1,'Granulationes arachnoideae','Granulationes arachnoideales','','',''),(96,1,'V. superior cerebri','','','',''),(97,1,'Diploe','','','',''),(98,1,'Dura mater','Dura','','',''),(99,1,'Tractus olfactorius','','','',''),(100,1,'N. opticus','II. Hirnnerv\r\nII. HN','','',''),(101,1,'N. trochlearis','IV. Hirnnerv\r\nIV. HN','','',''),(102,1,'N. trigeminus','V. Hirnnerv\r\nV. HN','','',''),(103,1,'N. abducens','VI. Hirnnerv\r\nVI. HN','','',''),(104,1,'N. hypoglossus','XII. Hirnnerv\r\nXII. HN','','',''),(105,1,'A. communicans anterior','A. communicans ant.','','',''),(106,1,'A. communicans posterior','A. communicans post.','','',''),(107,1,'A. superior cerebelli','A. sup. cerebelli','','',''),(108,1,'A. cerebri posterior','A. cerebri post.','','',''),(109,1,'A. basilaris','','','',''),(110,1,'A. inferior anterior cerebelli ','A. inf. ant. cerebelli\r\n','','',''),(111,1,'A. spinalis anterior','A. spinalis ant.','','',''),(112,1,'A. vertebralis','','','',''),(113,1,'A. inferior posterior cerebelli','A. inf. post. cerebelli','','',''),(114,1,'N. facialis','VII. Hirnnerv\r\nVII. HN','','',''),(115,1,'N. vestibulocochlearis','VIII. Hirnnerv\r\nVIII. HN','','',''),(116,1,'Pyramis','Pyramide','','',''),(117,1,'N. vagus','X. Hirnnerv\r\nX. HN','','',''),(118,1,'N. glossopharyngeus','IX. Hirnnerv\r\nXI. HN','','',''),(119,1,'Kleinhirnbrückenwinkel','Angulus pontocerebellaris','','',''),(120,1,'N. accessorius','XI. Hirnnerv\r\nXI. HN','','',''),(121,1,'Velum medullare superius','Velum medullare sup.','','',''),(122,1,'Pedunculus cerebellaris superior','Pedunculus cerebellaris sup.','','',''),(123,1,'Pedunculus cerebellaris inferior','Pedunculus cerebellaris inf.','','',''),(124,1,'Tuberculum cuneatum','','','',''),(125,1,'Tuberculum gracile','','','',''),(126,1,'Tectum mesencephali','Lamina tecti, Lamina quadrigemina','','',''),(127,1,'Flocculus','','','',''),(128,1,'Tonsilla cerebelli','Kleinhirntonsille','','',''),(129,1,'Lingula cerebelli','','','',''),(130,1,'Pedunculus cerebellaris medius','Pedunculus cerebellaris med.','','',''),(131,1,'Nodulus vermis','Nodulus','','',''),(132,1,'Forceps minor','Forceps frontalis','','',''),(133,1,'Indusium griseum','Stria longitudinalis medialis','','',''),(134,1,'Ncl. caudatus, Corpus','Nucleus caudatus, Corpus\r\nCorpus nuclei caudati','','',''),(135,1,'Forceps major','Forceps occipitalis','','',''),(136,1,'Stria terminalis','','','',''),(137,1,'Gyrus parahippocampalis','Gyrus hippocampi','','',''),(138,1,'Digitationes hippocampi','','','',''),(139,1,'Cornu ammonis','','','',''),(140,1,'Calcar avis','','','',''),(141,1,'Fibrae arcuatae cerebri breves','Fibrae arcuatae breves','','',''),(142,1,'Fibrae arcuatae cerebri longae','Fibrae arcuatae longae','','',''),(143,1,'Mesencephalon','Mittelhirn','','','');
/*!40000 ALTER TABLE `anatomie_neuro_elements` ENABLE KEYS */;
UNLOCK TABLES;

--
-- Table structure for table `anatomie_neuro_elements_elements`
--

DROP TABLE IF EXISTS `anatomie_neuro_elements_elements`;
/*!40101 SET @saved_cs_client     = @@character_set_client */;
/*!40101 SET character_set_client = utf8 */;
CREATE TABLE `anatomie_neuro_elements_elements` (
  `id` int(11) NOT NULL AUTO_INCREMENT,
  `element1_id` int(11) NOT NULL,
  `element2_id` int(11) NOT NULL,
  `name` varchar(45) DEFAULT NULL,
  PRIMARY KEY (`id`),
  KEY `fk_anatomie_neuro_elements_has_elements_elements2` (`element2_id`),
  KEY `fk_anatomie_neuro_elements_has_elements_elements1` (`element1_id`),
  CONSTRAINT `fk_anatomie_neuro_elements_has_elements_elements1` FOREIGN KEY (`element1_id`) REFERENCES `anatomie_neuro_elements` (`element_id`) ON DELETE NO ACTION ON UPDATE NO ACTION,
  CONSTRAINT `fk_anatomie_neuro_elements_has_elements_elements2` FOREIGN KEY (`element2_id`) REFERENCES `anatomie_neuro_elements` (`element_id`) ON DELETE NO ACTION ON UPDATE NO ACTION
) ENGINE=InnoDB DEFAULT CHARSET=utf8;
/*!40101 SET character_set_client = @saved_cs_client */;

--
-- Dumping data for table `anatomie_neuro_elements_elements`
--

LOCK TABLES `anatomie_neuro_elements_elements` WRITE;
/*!40000 ALTER TABLE `anatomie_neuro_elements_elements` DISABLE KEYS */;
/*!40000 ALTER TABLE `anatomie_neuro_elements_elements` ENABLE KEYS */;
UNLOCK TABLES;

--
-- Table structure for table `anatomie_neuro_elements_media`
--

DROP TABLE IF EXISTS `anatomie_neuro_elements_media`;
/*!40101 SET @saved_cs_client     = @@character_set_client */;
/*!40101 SET character_set_client = utf8 */;
CREATE TABLE `anatomie_neuro_elements_media` (
  `id` int(11) NOT NULL AUTO_INCREMENT,
  `element_id` int(11) NOT NULL,
  `media_id` int(11) NOT NULL,
  `position` varchar(255) DEFAULT NULL,
  `position_text` varchar(255) DEFAULT NULL,
  `no` varchar(45) DEFAULT NULL,
  `is_overview` tinyint(1) NOT NULL DEFAULT '0',
  PRIMARY KEY (`id`)
) ENGINE=InnoDB AUTO_INCREMENT=505 DEFAULT CHARSET=utf8;
/*!40101 SET character_set_client = @saved_cs_client */;

--
-- Dumping data for table `anatomie_neuro_elements_media`
--

LOCK TABLES `anatomie_neuro_elements_media` WRITE;
/*!40000 ALTER TABLE `anatomie_neuro_elements_media` DISABLE KEYS */;
INSERT INTO `anatomie_neuro_elements_media` VALUES (1,2,1,'0.5084444512261285,0.2736377069981706','0.21332154316205168,0.2736377069981706','1',0),(2,56,1,'0.5362222290039063,0.0662739322533137','0.6885457962408984,0.06627393225331367','2',0),(3,39,1,'0.5462222290039063,0.26804123711340205','0.777504217115154,0.268041237113402','3',0),(4,12,1,'0.6006666734483507,0.4683357879234168','0.8340238150908459,0.4683357879234168','4',0),(5,57,1,'0.5306666734483507,0.9540500781321912','0.6596752385769623,0.9540500781321912','5',0),(6,40,2,'0.40924072265625,0.09016715530800608','0.24700328044785907,0.09016715530800608','1',0),(7,24,2,'0.4825740559895833,0.3969518160749677','0.15789948007253746,0.3969518160749677','2',0),(8,2,2,'0.4836851671006944,0.25388396946729813','0.7759073893229167,0.2538839694672981','3',0),(9,75,2,'0.5525740559895833,0.45447393996877306','0.8237056581296002,0.4544739399687731','4',0),(10,39,3,'0.48590738932291666,0.2624385462398023','0.20120047916554445,0.2624385462398023','1',0),(12,22,3,'0.49035183376736113,0.38220254228530026','0.160260189178831,0.38220254228530026','2',0),(13,24,3,'0.48924072265625,0.4308751142833788','0.15457302308576193,0.4308751142833788','3',0),(14,32,3,'0.5025740559895834,0.07099311401007098','0.6759394376421946,0.07099311401007101','4',0),(15,75,3,'0.5514629448784722,0.5072763043518966','0.8314717630817655,0.5072763043518966','5',0),(16,57,3,'0.5214629448784722,0.9556538854728406','0.6539137277245665,0.9556538854728406','6',0),(18,22,4,'0.4437592569986979,0.2922320520631683','0.16041720920242974,0.2922320520631683','1',0),(19,49,4,'0.38598147922092013,0.37630284852334533','0.14591718742072163,0.37630284852334533','2',0),(20,23,4,'0.38598147922092013,0.6550639104702479','0.13256044177094398,0.6550639104702479','3',0),(21,63,4,'0.45709259033203126,0.4382497511782126','0.798205511065559,0.43824975117821247','4',0),(22,75,4,'0.5359814792209201,0.5164208426236403','0.8026481458875868,0.5164208426236402','5',0),(23,32,4,'0.46487036810980903,0.6727630255144957','0.7905188190200612,0.6727630255144958','6',0),(24,49,5,'0.3960555691189236,0.3586037334790975','0.1493863999624486,0.3586037334790975','1',0),(25,55,5,'0.40827779134114583,0.5783677452785075','0.12716668023003472,0.5783677452785075','2',0),(26,69,5,'0.42938890245225697,0.7299901686586813','0.15826868402599098,0.7299901686586813','3',0),(27,67,5,'0.4116111246744792,0.8689282397604974','0.21272223578559027,0.8689282397604974','4',0),(28,22,5,'0.47827779134114584,0.2996066833316049','0.7816111246744791,0.29960668333160484','5',0),(29,63,5,'0.4749444580078125,0.3925270373139058','0.8071685382701753,0.3925270373139057','6',0),(30,75,5,'0.5849444580078125,0.6314650904112509','0.8171666802300347,0.6314650904112509','7',0),(31,57,5,'0.5271666802300348,0.9736479868931053','0.6632721222888469,0.9736479868931053','8',0),(32,22,6,'0.4771666802300347,0.26273352698942204','0.20047993397073963,0.26273352698942204','1',0),(33,49,6,'0.4349444580078125,0.3497541759569736','0.17716428560514183,0.3497541759569736','2',0),(34,73,6,'0.43161112467447915,0.4851524105465869','0.164611332747802,0.4851524105465869','3',0),(35,81,6,'0.48716668023003473,0.5459193676973866','0.1601298529158115,0.5459193676973866','4',0),(36,23,6,'0.4249444580078125,0.6565388367239353','0.16160878056864422,0.6565388367239353','5',0),(37,15,6,'0.620500013563368,0.36715831025160167','0.8082777913411459,0.3671583102516016','6',0),(38,8,6,'0.580500013563368,0.4438544754433421','0.8207570775388596,0.4438544754433421','7',0),(39,63,6,'0.4838333468967014,0.3999016685823424','0.8717129896777457,0.3999016685823423','8',0),(40,35,6,'0.5138333468967013,0.5352999031719556','0.8316111246744792,0.5352999031719555','9',0),(41,20,7,'0.4849444580078125,0.2612586007357347','0.17160324455292286,0.2612586007357347','1',0),(42,63,7,'0.4849444580078125,0.34385449344781294','0.16142026844145582,0.34385449344781294','2',0),(43,60,7,'0.3638333468967014,0.40432644734340434','0.15257900951701966,0.40432644734340434','3',0),(44,73,7,'0.41272223578559025,0.48987217005726863','0.13924440586734968,0.48987217005726863','4',0),(45,23,7,'0.45050001356336805,0.6270403116501889','0.1315801544400926,0.6270403116501889','5',0),(46,77,7,'0.5305000135633681,0.2715830845115459','0.7760957870421014,0.2715830845115459','6',0),(47,49,7,'0.5416111246744791,0.3335299871664132','0.7939899306951017,0.33352998716641324','7',0),(48,8,7,'0.5638333468967014,0.4131760048655282','0.8171666802300347,0.4131760048655282','8',0),(49,45,7,'0.6338333468967013,0.48397248754810795','0.8127532889909587,0.48397248754810795','9',0),(50,55,7,'0.5727222357855902,0.6417895741870622','0.8227321121337158,0.6417895741870622','10',0),(51,9,8,'0.3971666802300347,0.3438544709422244','0.16709959393229665,0.3438544709422244','1',0),(52,73,8,'0.45050001356336805,0.5178957688773276','0.1369697366076947,0.5178957688773276','2',0),(53,55,8,'0.3882777913411458,0.6417895741870622','0.13367812980499807,0.6417895741870622','3',0),(54,2,8,'0.4849444580078125,0.17276302551449577','0.7663715970116783,0.1727630255144958','4',0),(55,63,8,'0.4805000135633681,0.36155358598647214','0.8016130470062877,0.36155358598647214','5',0),(56,50,8,'0.5516111246744791,0.31878072462954','0.8416132532320145,0.31878072462954005','6',0),(57,15,8,'0.6327222357855903,0.3925270373139058','0.8442539804773638,0.3925270373139058','7',0),(58,60,8,'0.6138333468967014,0.4411996036855872','0.8098429208629231,0.4411996036855872','8',0),(59,10,8,'0.5927222357855902,0.508751230605584','0.8316524647667464,0.508751230605584','9',0),(60,79,8,'0.630500013563368,0.7273353088570204','0.819418311927476,0.7273353088570204','10',0),(61,22,9,'0.45161112467447917,0.23323499628927855','0.17270231617824303,0.23323499628927855','1',0),(62,6,9,'0.3360555691189236,0.36715831025160167','0.16263322729995466,0.36715831025160167','2',0),(63,15,9,'0.3238333468967014,0.4379547704285928','0.13695515986000237,0.4379547704285928','3',0),(64,60,9,'0.3371666802300347,0.47069812875933353','0.09666309333652916,0.47069812875933353','4',0),(65,8,9,'0.3660555691189236,0.5043264518445221','0.13266404198421464,0.5043264518445221','5',0),(66,75,9,'0.31844445122612847,0.6647000833246912','0.12733011016815163,0.6647000833246912','6',0),(67,77,9,'0.544000006781684,0.26499509108101726','0.7806692816760232,0.2649950910810173','7',0),(68,63,9,'0.4828888956705729,0.35939034881141685','0.7973333401150173,0.3593903488114168','8',0),(69,34,9,'0.4806666734483507,0.40825959152176666','0.8251272465474401,0.4082595915217668','9',0),(70,73,9,'0.5017777845594618,0.4936086378969626','0.819650730681876,0.49360863789696247','10',0),(71,55,9,'0.5917777845594618,0.618977391965973','0.8317777845594618,0.618977391965973','11',0),(73,22,10,'0.48955556233723957,0.23107178724620897','0.19621381161625992,0.23107178724620897','1',0),(74,63,10,'0.4828888956705729,0.33136677249694646','0.17815262029321616,0.33136677249694646','2',0),(75,34,10,'0.4773333401150174,0.3815142651223152','0.14279846861891524,0.3815142651223152','3',0),(76,60,10,'0.3817777845594618,0.3579154450633181','0.09285470965910614,0.3579154450633181','4',0),(77,38,10,'0.39622222900390625,0.4213372739718727','0.08948310712851051,0.4213372739718727','5',0),(78,73,10,'0.4451111178927951,0.4950835641506499','0.12720904429927207,0.4950835641506499','6',0),(79,50,10,'0.5495555623372396,0.2797443536178904','0.7940631299446328,0.27974435361789046','7',0),(80,45,10,'0.6317777845594618,0.31681416379315314','0.838471331198495,0.31681416379315314','8',0),(81,7,10,'0.6406666734483507,0.3595870251500853','0.7984796585655612,0.35958702515008534','9',0),(82,15,10,'0.634000006781684,0.4316617577476839','0.8184578376212142,0.4316617577476839','10',0),(83,6,10,'0.6273333401150174,0.480334312866571','0.8409558293366219,0.480334312866571','11',0),(85,8,10,'0.5984444512261284,0.5070796505188169','0.8854747976236591,0.5070796505188169','12',0),(86,50,11,'0.4328888956705729,0.2767944940775193','0.20382747202514734,0.2767944940775193','1',0),(87,9,11,'0.4206666734483507,0.32546706748219717','0.1782381170894275,0.32546706748219717','2',0),(88,11,11,'0.45622222900390624,0.41101279019606146','0.17399125801090143,0.41101279019606146','3',0),(89,68,11,'0.31622222900390623,0.4493608727919317','0.13938443627205946,0.4493608727919317','4',0),(90,10,11,'0.41066667344835067,0.4967551667430056','0.16286647516028446,0.4967551667430056','5',0),(91,73,11,'0.44733334011501735,0.5378564480131707','0.12922744890158608,0.5378564480131707','6',0),(92,17,11,'0.5051111178927952,0.5395280280999378','0.5051111178927952,0.8337638016549549','7',0),(93,71,11,'0.4817777845594618,0.5762045306090409','0.4817777845594618,0.6912865908045048','8',0),(94,77,11,'0.5651111178927951,0.2605703123199553','0.8006771553954269,0.2605703123199553','9',0),(95,16,11,'0.5062222290039062,0.39646018149226814','0.820674525725651,0.3964601814922681','10',0),(96,60,11,'0.6117777845594619,0.3328416874978395','0.8118271611803844,0.3328416874978395','11',0),(97,38,11,'0.5962222290039062,0.4301868167247041','0.8621123018990738,0.43018681672470416','12',0),(98,45,11,'0.6673333401150173,0.4744346115441449','0.8392542234406237,0.4744346115441449','13',0),(99,4,11,'0.5073333401150174,0.45103244531822767','0.7945947793647621,0.8323529398975348','14',0),(100,78,11,'0.6651111178927951,0.623402170727035','0.8517810914084779,0.623402170727035','15',0),(101,55,11,'0.5273333401150173,0.6516224233801737','0.7426209742979837,0.937402468755793','16',0),(102,50,12,'0.42164815266927086,0.2989183949158255','0.19493791720514905,0.2989183949158255','1',0),(103,8,12,'0.4183148193359375,0.343166182526445','0.16019244430070897,0.343166182526445','2',0),(104,60,12,'0.3860925971137153,0.3741396338538786','0.11756897008695821,0.3741396338538786','3',0),(105,15,12,'0.3349814860026042,0.44218289535657496','0.14275926378038195,0.44218289535657496','4',0),(106,26,12,'0.4094259304470486,0.5540806142981425','0.1936743014100961,0.8404765820463095','5',0),(107,71,12,'0.45275926378038195,0.6042281294290999','0.22051311934534878,0.9125194715994979','6',0),(108,77,12,'0.5460925971137153,0.27089478853529536','0.7794259304470487,0.27089478853529536','7',0),(109,16,12,'0.48053704155815974,0.40825959152176666','0.7875436968927845,0.4082595915217666','8',0),(110,4,12,'0.47609259711371527,0.478859397865678','0.813870374891493,0.47885939786567794','9',0),(111,25,12,'0.5783148193359375,0.5555555630574184','0.7729544039564216,0.8139266930846096','10',0),(113,17,12,'0.47387037489149303,0.5570304836847085','0.7350027617315595,0.9036663954193102','11',0),(114,13,12,'0.4883148193359375,0.7502458285441441','0.6539039285382632,0.9700543805826295','12',0),(115,50,13,'0.42053704155815974,0.2959685424084509','0.19942593044704862,0.2959685424084509','1',0),(116,60,13,'0.38387037489149306,0.36381515007806736','0.1836205309464852,0.36381515007806736','2',0),(117,81,13,'0.49053704155815975,0.44641102028455704','0.16719607181252205,0.44641102028455704','3',0),(118,78,13,'0.3349814860026042,0.6027532031754125','0.15142942792454459,0.6027532031754125','4',0),(119,13,13,'0.4694259304470486,0.7885938886344257','0.20938794651697012,0.7885938886344257','5',0),(120,25,13,'0.5938703748914931,0.5469026593683743','0.7799043555920862,0.2999548973764366','6',0),(121,51,13,'0.6460925971137153,0.5557522168904983','0.8534302176481684,0.5557522168904983','7',0),(122,42,13,'0.6227592637803819,0.6042281294290999','0.8345272476975588,0.6042281294290999','8',0),(123,70,13,'0.5094259304470486,0.6204522957140717','0.7580691623881644,0.9505096832465262','9',0),(124,81,14,'0.4883148193359375,0.4287119052403093','0.23589443707112104,0.09364060134896003','1',0),(125,74,14,'0.43275926378038193,0.45840708414713544','0.12942389545183977,0.45840708414713544','2',0),(126,66,14,'0.4416481526692708,0.5351032493388759','0.12493275680839916,0.5351032493388759','3',0),(127,5,14,'0.48387037489149304,0.6029498570084924','0.12584423611195827,0.6029498570084924','4',0),(128,2,14,'0.4794259304470486,0.3343166250043211','0.7928085112892336,0.334316625004321','5',0),(129,29,14,'0.5505370415581597,0.5011799455040675','0.8195085623783865,0.5011799455040674','6',0),(130,55,14,'0.6372037082248264,0.5424778806073124','0.8561038771389167,0.5424778806073124','7',0),(131,53,14,'0.5060925971137152,0.539331374266858','0.7332869719354024,0.8409168275699827','8',0),(132,70,14,'0.5016481526692709,0.6280236033211767','0.7062404904812183,0.8996063526290716','9',0),(133,13,14,'0.5105370415581597,0.7885938886344257','0.6350013256909637,0.9538119649169089','10',0),(134,74,15,'0.4549814860026042,0.48328417662673995','0.1704827932589652,0.48328417662673995','1',0),(135,66,15,'0.46164815266927084,0.5631268481589349','0.1594259304470486,0.5631268481589349','2',0),(136,53,15,'0.48164815266927086,0.5703048255942915','0.24851464034660786,0.8797740897394193','3',0),(137,13,15,'0.4494259304470486,0.86234022382438','0.4494259304470486,0.9556227506730047','4',0),(138,2,15,'0.503870374891493,0.35663717264271066','0.703321783002669,0.09187866630044166','5',0),(139,3,15,'0.5316481526692708,0.4451327478639496','0.7527913664192168,0.15157980925782644','6',0),(140,43,15,'0.5105370415581597,0.48348083045981977','0.846158815745476,0.4834808304598197','7',0),(141,29,15,'0.5683148193359375,0.567354973086917','0.8617239004648094,0.5673549730869171','8',0),(142,5,15,'0.5016481526692709,0.6398230133506753','0.865119074630177,0.6398230133506752','9',0),(143,70,15,'0.5260925971137153,0.6560472021412357','0.745773903881519,0.9476595562577893','10',0),(144,1,16,'0.4405370415581597,0.4407079691028876','0.2214353401600292,0.14986500264519229','1',0),(145,37,16,'0.49275926378038193,0.5275319642373594','0.13053533740402265,0.5275319642373594','2',0),(146,66,16,'0.4638703748914931,0.5631268481589349','0.22483940938882893,0.8804245899766306','3',0),(147,5,16,'0.48387037489149304,0.6427728658580498','0.2660515012179863,0.9319129636547401','4',0),(148,2,16,'0.48387037489149304,0.38908555022383157','0.7229129635249413,0.07177237947146659','5',0),(149,14,16,'0.4972037082248264,0.44365782161026224','0.7370441901917443,0.12528550041523853','6',0),(150,44,16,'0.4960925971137153,0.47020649417663396','0.8461560834193345,0.47020649417663385','7',0),(151,27,16,'0.5060925971137152,0.502458217924675','0.8923887158594577,0.5024582179246752','8',0),(152,29,16,'0.5494259304470486,0.5658800468332297','0.8538886225198172,0.5658800468332298','9',0),(153,72,16,'0.49053704155815975,0.5968534981606632','0.8959159985421552,0.5968534981606634','10',0),(154,41,16,'0.5816481526692708,0.7797443536178904','0.699446892942147,0.936114362829673','11',0),(155,82,16,'0.49498148600260417,0.7384464185146455','0.49498148600260417,0.9599997840677477','12',0),(156,32,19,'0.48387037489149304,0.3180924362137606','0.48387037489149304,0.1852180335051446','1',0),(157,75,19,'0.5672037082248264,0.5791543831164154','0.7883259859998055,0.5791543831164154','2',0),(158,22,19,'0.4860925971137153,0.5791543831164154','0.4860925971137153,0.8540610126210008','3',0),(159,22,20,'0.48164815266927086,0.5306784705778139','0.2798766769967622,0.26284022853466094','1',0),(160,39,20,'0.5083148193359375,0.47295969285092876','0.6792418487453203,0.24606540602431423','2',0),(161,45,20,'0.6194259304470486,0.5555555630574184','0.7716522077652989,0.5555555630574184','3',0),(162,75,20,'0.5305370415581597,0.5688298768350156','0.5305370415581597,0.8229969473782371','4',0),(163,68,20,'0.28275926378038196,0.5483775856220616','0.19153981599472067,0.5483775856220616','5',0),(164,32,21,'0.46275926378038196,0.2885938886344257','0.46275926378038196,0.15879199831765992','1',0),(165,63,21,'0.45387037489149307,0.5454277331146871','0.16718432903489946,0.5454277331146871','2',0),(166,49,21,'0.542759263780382,0.5157325542078609','0.7683832271342468,0.5157325542078609','3',0),(168,63,22,'0.48498148600260416,0.5629301867653839','0.264675863945006,0.2704890955384836','1',0),(169,50,22,'0.39387037489149307,0.5555555630574184','0.16824641153762818,0.5555555630574184','2',0),(170,2,22,'0.46164815266927084,0.6840708009612947','0.46164815266927084,0.8448918792390491','3',0),(171,8,22,'0.5794259304470486,0.5644051205795423','0.8016509304296877,0.5644051205795423','4',0),(172,60,22,'0.5838703748914931,0.5998033506680379','0.7691695990375639,0.5998033506680379','5',0),(173,49,23,'0.4038703748914931,0.5083579229394243','0.1594259304470486,0.5083579229394243','1',0),(174,8,23,'0.3894259304470486,0.5424778806073124','0.11470946606518974,0.5424778806073124','2',0),(175,60,23,'0.37387037489149305,0.5762045306090409','0.06955369495037682,0.5762045306090409','3',0),(176,2,23,'0.47053704155815973,0.6811209484539201','0.47053704155815973,0.8436040086771698','4',0),(177,39,23,'0.49387037489149305,0.41986234771818537','0.664448549287419,0.19343114276784124','5',0),(178,20,23,'0.48387037489149304,0.49360866040255114','0.7965035563883385,0.4936086604025511','6',0),(179,63,23,'0.48164815266927086,0.5378564480131707','0.7708723170884123,0.5378564480131708','7',0),(180,47,23,'0.4860925971137153,0.5806293093701028','0.800858824301096,0.5806293093701028','8',0),(181,48,23,'0.5105370415581597,0.6145526132049111','0.7660539468479838,0.6145526132049111','9',0),(183,20,24,'0.513870374891493,0.47738446457899425','0.3152190580596826,0.21368802630667957','1',0),(184,63,24,'0.4860925971137153,0.5395280280999378','0.2700836238204516,0.2527904529318888','2',0),(185,45,24,'0.30942593044704864,0.6322517169963645','0.1525663171885526,0.6322517169963645','3',0),(186,14,24,'0.4683148193359375,0.7061946947666045','0.4683148193359375,0.8051137663719568','4',0),(187,49,24,'0.5572037082248263,0.493805314235631','0.5572037082248263,0.17959063079221885','5',0),(188,8,24,'0.5594259304470486,0.5306784705778139','0.7321670883952015,0.30137604852274363','6',0),(189,60,24,'0.5905370415581597,0.562930194325855','0.7949814860026042,0.562930194325855','7',0),(190,38,24,'0.5472037082248263,0.5983284244143505','0.838391145207932,0.5983284244143505','8',0),(191,16,24,'0.47053704155815973,0.6073746357695543','0.6810464179072054,0.8868118610116505','9',0),(192,62,24,'0.46609259711371526,0.6558505483081559','0.626685633876802,0.8690271457812798','10',0),(193,49,25,'0.3949814860026042,0.49970501925038024','0.22574208365007287,0.275050945331091','1',0),(194,60,25,'0.35164815266927085,0.554277290636811','0.16259920087942484,0.554277290636811','2',0),(195,73,25,'0.4372037082248264,0.5880039406385393','0.11030847450741577,0.5880039406385393','3',0),(196,19,25,'0.36942593044704863,0.7104228196945865','0.2521892278132555,0.8660467612438695','4',0),(197,74,25,'0.4260925971137153,0.6693215384244215','0.4260925971137153,0.8481772529217944','5',0),(198,16,25,'0.48164815266927086,0.6191740457990528','0.48164815266927086,0.8463557832732322','6',0),(199,81,25,'0.49053704155815975,0.6411012857712827','0.6799774129708753,0.892570805345684','7',0),(201,7,25,'0.6249814860026042,0.5865289975056606','0.7983148193359375,0.5865289975056606','8',0),(202,15,25,'0.6172037082248264,0.5587020693978729','0.8474209968892531,0.5587020693978729','9',0),(203,6,25,'0.6094259304470486,0.5437561530279199','0.7552843938902944,0.3501387236784785','10',0),(204,8,25,'0.572759263780382,0.5363814992538948','0.7616481441921661,0.28564404737984517','11',0),(205,75,25,'0.5394259304470486,0.4995083654173004','0.5394259304470486,0.17794399782934664','12',0),(206,81,26,'0.47275926378038197,0.6322517282491589','0.1393592704457156,0.6322517282491589','1',0),(207,20,26,'0.42498148600260416,0.5159292080409408','0.42498148600260416,0.2032413636789243','2',0),(208,33,26,'0.4694259304470486,0.554277290636811','0.4694259304470486,0.20172054954583352','3',0),(209,55,26,'0.5072037082248264,0.5454277331146871','0.5072037082248264,0.20029183821442','4',0),(210,49,26,'0.5483148193359375,0.5083579229394243','0.7975605952081144,0.5083579229394243','5',0),(211,73,26,'0.5249814860026042,0.5747296043553535','0.7994281796506075,0.5747296043553534','6',0),(212,8,26,'0.562759263780382,0.5422812267742326','0.8450164794586869,0.5422812267742326','7',0),(213,60,26,'0.5983148193359376,0.6057030556827872','0.8460950883817093,0.6057030556827872','8',0),(214,4,26,'0.47053704155815973,0.6071779819364744','0.6802473061179289,0.8855544393166992','9',0),(215,27,26,'0.48498148600260416,0.6705997883394405','0.6336400973106928,0.8679342281289387','10',0),(216,42,26,'0.5949814860026041,0.7428711972757075','0.7960925971137153,0.7428711972757075','11',0),(217,32,28,'0.4683148193359375,0.2723697153164574','0.4683148193359375,0.1705036583852951','1',0),(218,1,28,'0.48387037489149304,0.5159292080409408','0.6988768347427676,0.2305224029286293','2',0),(219,77,28,'0.5394259304470486,0.48053097795244515','0.8107214051013474,0.4805309779524451','3',0),(220,55,28,'0.5194259304470487,0.5159292080409408','0.8627664553627403,0.5159292080409409','4',0),(221,73,28,'0.5372037082248264,0.558505415564793','0.8120886448711652,0.5585054155647932','5',0),(222,66,28,'0.5205370415581597,0.6543756220544685','0.8216481526692708,0.6543756220544685','6',0),(223,58,28,'0.48053704155815974,0.7590953748134737','0.48053704155815974,0.8697246762447373','7',0),(224,54,28,'0.42387037489149304,0.6941986309040261','0.42387037489149304,0.8697706207559787','8',0),(225,26,28,'0.3883148193359375,0.6337266319972575','0.23250550250964325,0.8405531587578251','9',0),(226,25,28,'0.3616481526692708,0.6352015807565334','0.1394148196137014,0.6352015807565334','10',0),(227,81,28,'0.47275926378038197,0.5998033506680379','0.0935511870835653,0.5998033506680379','11',0),(228,8,28,'0.3483148193359375,0.5260570379836721','0.1383118799091256,0.5260570379836721','12',0),(229,49,28,'0.36942593044704863,0.4965585129099258','0.09527854285516074,0.4965585129099258','13',0),(230,33,28,'0.45164815266927083,0.5631268481589349','0.21303979024816044,0.2463900838831247','14',0),(231,17,29,'0.4560925971137153,0.6206489720527402','0.4560925971137153,0.17374388332040522','1',0),(232,8,29,'0.35053704155815973,0.5454277331146871','0.17747457513649273,0.31569879538681056','2',0),(233,45,29,'0.3083148193359375,0.5424778806073124','0.10820373907188904,0.5424778806073124','3',0),(234,60,29,'0.3283148193359375,0.5955752257400557','0.10831201351769064,0.5955752257400557','4',0),(235,58,29,'0.45720370822482637,0.7576204598125806','0.45720370822482637,0.9494118986364115','5',0),(237,25,29,'0.5649814860026041,0.6307768019954715','0.8096303910866809,0.6307768019954715','7',0),(238,26,29,'0.5349814860026042,0.6293018757417842','0.7639674416881758,0.32533821775208743','8',0),(239,73,29,'0.5272037082248264,0.5570304668055172','0.7370375637238383,0.2784899506563862','9',0),(240,33,29,'0.48053704155815974,0.5631268481589349','0.7455376239008695,0.21135616363321386','10',0),(241,20,29,'0.4794259304470486,0.539331374266858','0.4794259304470486,0.12411933119136394','11',0),(242,20,30,'0.4860925971137153,0.5142576167013793','0.687231330637263,0.24725929786481135','1',0),(243,39,30,'0.43498148600260417,0.4655850390769036','0.43498148600260417,0.17944934586156433','2',0),(244,33,30,'0.4038703748914931,0.5557522168904983','0.18612377848430792,0.2667080623676862','3',0),(245,28,30,'0.45720370822482637,0.6088495620232416','0.11224173143303738,0.6088495620232416','4',0),(246,5,30,'0.46275926378038196,0.6427728658580498','0.30331191576191074,0.854428637563985','5',0),(247,59,30,'0.5394259304470486,0.56882988808781','0.7383753315457472,0.3047377627355551','6',0),(248,71,30,'0.4960925971137153,0.618977391965973','0.819616786680072,0.6189773919659729','7',0),(249,42,30,'0.6005370415581597,0.6558505258025673','0.7333229548375135,0.8321150124565768','8',0),(250,13,30,'0.5883148193359375,0.7605702898143667','0.6737078937317409,0.8739239283928669','9',0),(251,55,31,'0.3816481526692708,0.5070796505188169','0.19742472417838025,0.26253527641586477','1',0),(252,71,31,'0.45275926378038195,0.5998033281624493','0.13718610308212734,0.5998033281624493','2',0),(253,70,31,'0.4549814860026042,0.6322517282491589','0.2830606026769977,0.8604652901858045','3',0),(254,13,31,'0.28609259711371526,0.7546706073052061','0.20363048460136207,0.7546706073052061','4',0),(255,46,31,'0.4683148193359375,0.8005899750025927','0.4683148193359375,0.8953991707547354','5',0),(257,42,31,'0.5883148193359375,0.5926253732326812','0.8284793719778273,0.5926253732326812','7',0),(258,31,31,'0.5760925971137153,0.554277290636811','0.768544290587656,0.29881044089264175','8',0),(259,23,31,'0.47053704155815973,0.5570304668055172','0.47053704155815973,0.13188313408111668','9',0),(260,80,31,'0.4683148193359375,0.7222222072184965','0.5842783086944314,0.8761560426501256','6',0),(261,61,32,'0.3194259304470486,0.4952802404893183','0.1472037082248264,0.4952802404893183','1',0),(262,13,32,'0.3394259304470486,0.7649950910810173','0.20708704633918867,0.7649950910810173','2',0),(263,23,32,'0.5016481526692709,0.5216322507830145','0.5016481526692709,0.11298184616778231','3',0),(264,79,32,'0.5683148193359375,0.49065878538958796','0.7556762907959319,0.24194886752233863','4',0),(265,82,32,'0.4772037082248264,0.6779744421134656','0.8194277341940989,0.6779744421134657','5',0),(268,52,32,'0.542759263780382,0.7401179986014127','0.7573073101418691,0.7401179986014127','6',0),(269,46,32,'0.48164815266927086,0.8431661600208564','0.48164815266927086,0.9464109977789684','7',0),(270,32,17,'0.4794259304470486,0.33136677249694646','0.4794259304470486,0.2248039886138288','1',0),(271,64,17,'0.3660925971137153,0.586529014384852','0.2638160415051082,0.7222943536883127','2',0),(272,65,17,'0.642759263780382,0.6455260645323446','0.7031336103888137,0.725669002508139','3',0),(273,32,18,'0.47498148600260415,0.29449361615476355','0.47498148600260415,0.2045110259325238','1',0),(274,64,18,'0.3660925971137153,0.5658800468332297','0.2416853606126694,0.7310223961709011','2',0),(275,65,18,'0.6416481526692709,0.6588004008155305','0.6931922126903517,0.7272217194275848','3',0),(276,83,25,'0.5794259304470486,0.6293018757417842','0.8394662881885364,0.6293018757417843','13',0),(277,84,25,'0.5549814860026042,0.6309734558285514','0.7283023545002842,0.8610454051617551','14',0),(278,77,21,'0.5060925971137152,0.5349065842530017','0.6989480089551858,0.7909093433345997','4',0),(279,81,27,'0.4960925971137153,0.6411012857712827','0.4960925971137153,0.890381276781907','1',0),(280,58,27,'0.5205370415581597,0.7472959535311808','0.5820006712734456,0.8288848425337727','2',0),(281,66,27,'0.5372037082248264,0.6840708009612947','0.693968846702663,0.8921661175247947','3',0),(282,53,27,'0.522759263780382,0.6678466121707343','0.844026046499997,0.6678466121707342','4',0),(283,60,27,'0.6260925971137152,0.6057030556827872','0.8375572134224899,0.6057030556827872','5',0),(284,45,27,'0.6594259304470486,0.554277290636811','0.8222899576538713,0.554277290636811','6',0),(285,8,27,'0.6005370415581597,0.562930194325855','0.6005370415581597,0.21205270938094098','7',0),(286,55,27,'0.5416481526692708,0.5483775856220616','0.5416481526692708,0.17574920913662273','8',0),(287,33,27,'0.49053704155815975,0.5734513319347461','0.49053704155815975,0.21337594503994656','9',0),(288,73,27,'0.41387037489149303,0.5762045306090409','0.15704983419535481,0.5762045306090409','10',0),(289,49,27,'0.31387037489149305,0.6840708009612947','0.16387037489149306,0.6840708009612947','11',0),(290,42,27,'0.35498148600260415,0.713569326035041','0.23865924308436057,0.8679793830061607','12',0),(291,14,34,'0.3622222222222222,0.6024489837438882','0.3622222222222222,0.8595918408867453','1',0),(292,27,34,'0.44333333333333336,0.5727891156462585','0.44333333333333336,0.8577801016344081','2',0),(293,29,34,'0.46444444444444444,0.5561904803425276','0.04108778133692839,0.5561904803425276','3',0),(294,59,34,'0.5755555555555556,0.4666666666666667','0.9556595049505586,0.46666666666666656','4',0),(295,61,34,'0.7588888888888888,0.35918367346938773','0.7588888888888888,0.05286778598453522','5',0),(296,85,34,'0.2544444444444444,0.3926984099303784','0.25444444444444436,0.05972067374014744','6',0),(297,86,34,'0.15555555555555556,0.5981405868011267','0.15555555555555556,0.7165392064873273','7',0),(298,87,34,'0.45555555555555555,0.6484807228555485','0.9544555801776248,0.6484807228555486','8',0),(299,88,34,'0.5522222222222222,0.7387755102040816','0.5522222222222222,0.86945151504965','9',0),(300,89,34,'0.6177777777777778,0.8136054421768707','0.6177777777777778,0.9498298258129305','10',0),(301,7,33,'0.4866666666666667,0.5621970920840065','0.4866666666666667,0.8886738114137416','1',0),(302,20,33,'0.6755555555555556,0.4213247222160869','0.9278169328393875,0.4213247222160869','2',0),(303,50,33,'0.6677777777777778,0.5751211631663974','0.9275259939457992,0.5751211631663973','3',0),(304,51,33,'0.44333333333333336,0.5621970920840065','0.07290648578753778,0.5621970920840065','4',0),(305,14,35,'0.45555555555555555,0.6474959661579286','0.07882989645835228,0.6474959661579286','1',0),(306,20,35,'0.5033333333333333,0.34248788368336025','0.9189423613843741,0.34248788368336036','2',0),(307,29,35,'0.4766666666666667,0.6138933764135702','0.4766666666666667,0.8435742011633696','3',0),(308,49,35,'0.37555555555555553,0.4132471777895926','0.37555555555555553,0.062443598846634335','4',0),(309,73,35,'0.4722222222222222,0.4297253634894992','0.9205510807982666,0.4297253634894991','5',0),(310,90,36,'0.49066663953993056,0.06774668630338733','0.21992691212631288,0.06774668630338733','1',0),(311,91,36,'0.6506666395399305,0.09104074469722248','0.575111083984375,0.040967106994718804','2',0),(312,92,36,'0.7039999728732639,0.14332351347483663','0.8839999728732639,0.14332351347483663','3',0),(313,93,36,'0.7206666395399306,0.48365243229142696','0.8940320211925418,0.48365243229142696','4',0),(314,94,36,'0.7373333062065972,0.8112174527107879','0.8674092574290263,0.8112174527107879','5',0),(315,95,36,'0.6406666395399305,0.5918998437356177','0.8795787831109073,0.5918998437356177','6',0),(316,96,36,'0.5295555284288195,0.6500736287135264','0.29723763213524584,0.6500736287135264','7',0),(317,97,36,'0.395111083984375,0.8988463186901694','0.395111083984375,0.9725171507075138','8',0),(318,98,36,'0.8917777506510417,0.21622483895348169','0.9597828339759277,0.21622483895348169','9',0),(319,99,37,'0.36066663953993056,0.05964473880002342','0.2411511567885985,0.05964473880002342','1',0),(320,100,37,'0.4739999728732639,0.18620593780085606','0.18567359744875975,0.18620593780085606','2',0),(321,74,37,'0.21288886176215277,0.28642797668609493','0.0882659738260643,0.28642797668609493','3',0),(322,87,37,'0.33288886176215277,0.3971690258118235','0.0648322987243224,0.3971690258118235','4',0),(323,101,37,'0.14844441731770833,0.5069109101180331','0.06733330620659722,0.5069109101180331','5',0),(324,102,37,'0.21733330620659722,0.5250902009149276','0.3408416904873995,0.5250902009149276','6',0),(325,103,37,'0.405111083984375,0.5793505310515976','0.3305920500416763,0.5793505310515976','7',0),(326,104,37,'0.32955552842881947,0.78417983996084','0.24935516206162572,0.78417983996084','8',0),(327,2,56,'0.445111083984375,0.09075770191507078','0.2941879983487514,0.09075770191507078','1',0),(328,105,56,'0.4506666395399306,0.11543158309644307','0.4506666395399306,0.15041235168528574','2',0),(329,1,56,'0.555111083984375,0.20815986677768525','0.4878544353158348,0.20815986677768525','3',0),(330,3,56,'0.6862221950954861,0.15720233393152191','0.7618512443187823,0.15720233393152191','4',0),(331,106,56,'0.5806666395399306,0.27779627918303756','0.6551442440949033,0.27779627918303756','5',0),(332,107,56,'0.6539999728732638,0.3803497111172005','0.7128993430097019,0.3803497111172005','6',0),(333,108,56,'0.6517777506510417,0.35703580603809976','0.6897023021307661,0.32861607553705724','7',0),(334,109,56,'0.5206666395399305,0.5509020243953606','0.4405972252101685,0.5509020243953606','8',0),(335,110,56,'0.7006666395399306,0.6100194265602232','0.7006666395399306,0.6543452605459223','9',0),(336,111,56,'0.4473333062065972,0.6959200564471014','0.395111083984375,0.6959200564471014','10',0),(337,112,56,'0.6328888617621528,0.7732167367037885','0.6328888617621528,0.8315252842475407','11',0),(338,113,56,'0.26955552842881947,0.6559533620257858','0.19379599983446041,0.6559533620257858','12',0),(339,105,38,'0.5159850847322258,0.15203837296373837','0.32267653454635226,0.15203837296373837','1',0),(340,2,38,'0.5921932631708875,0.1906474820143885','0.6817218473998266,0.1906474820143885','2',0),(341,1,38,'0.6200743040630808,0.290167865707434','0.5414561405591529,0.290167865707434','3',0),(342,3,38,'0.7855018133567612,0.2038369304556355','0.7855018133567612,0.1474692600789297','4',0),(343,106,38,'0.6628252334311105,0.37290167865707435','0.7762233675773532,0.37290167865707435','5',0),(344,108,38,'0.7334572036913336,0.511990407673861','0.848698839379066,0.511990407673861','6',0),(345,112,38,'0.27063192488092475,0.9016786570743405','0.14046730480648906,0.9016786570743405','7',0),(346,111,38,'0.3802973523902184,0.934052757793765','0.48639194861944024,0.934052757793765','8',0),(347,110,38,'0.5977694713493262,0.6810551558752997','0.7095411916346267,0.6810551558752997','9',0),(348,109,38,'0.5197025568511849,0.63189448441247','0.4002218231709753,0.63189448441247','10',0),(349,113,38,'0.21301110703705856,0.7083932890308847','0.10832614168145466,0.7083932890308847','11',0),(350,107,38,'0.27063192488092475,0.5273381331555849','0.18993194961664064,0.5273381331555849','12',0),(351,27,39,'0.5828888617621528,0.2878673700075358','0.719596172791552,0.2878673700075358','1',0),(352,37,39,'0.5373333062065972,0.31951770911831195','0.5373333062065972,0.32479276563677467','2',0),(353,87,39,'0.725111083984375,0.3602110022607385','0.8306900287614797,0.3602110022607385','3',0),(354,29,39,'0.7706666395399305,0.293896006028636','0.8297230051662341,0.293896006028636','4',0),(355,101,39,'0.7617777506510417,0.333835719668425','0.8071704133528539,0.333835719668425','5',0),(356,102,39,'0.7806666395399305,0.5508666164280331','0.8719469702001121,0.5508666164280331','6',0),(357,103,39,'0.6806666395399306,0.6103993971363979','0.750675457326701,0.6103993971363979','7',0),(358,114,39,'0.7284444173177084,0.6434061816516637','0.8651291496376815,0.6434061816516637','8',0),(359,115,39,'0.8273333062065972,0.6268274325936382','0.9042009975684994,0.6268274325936382','9',0),(360,116,39,'0.5317777506510417,0.711856292977581','0.8269780383821739,0.711856292977581','10',0),(361,89,39,'0.6106666395399305,0.6946495763323051','0.7463860305141747,0.6946495763323051','11',0),(362,117,39,'0.205111083984375,0.7231599855171439','0.09399441745659028,0.7231599855171439','12',0),(363,118,39,'0.18288886176215277,0.6840994747940903','0.11709832245954184,0.6840994747940903','13',0),(364,25,40,'0.23399997287326388,0.43364757070340826','0.10540836168055893,0.43364757070340826','1',0),(365,73,40,'0.2928888617621528,0.11094996374184192','0.2928888617621528,0.05728299024777842','2',0),(366,74,40,'0.4728888617621528,0.31907179115300943','0.4728888617621528,0.2620461109460841','3',0),(367,27,40,'0.6106666395399305,0.3377810029381855','0.6106666395399305,0.26882946324555423','4',0),(368,43,40,'0.7017777506510416,0.24437998549673676','0.7017777506510416,0.19697183719019246','5',0),(369,29,40,'0.7084444173177084,0.3299492385786802','0.8453998484749164,0.3299492385786802','6',0),(370,14,40,'0.8062221950954861,0.271211022480058','0.8062221950954861,0.1979551848880361','7',0),(371,87,40,'0.7873333062065972,0.36765772298767224','0.8530393481709195,0.36765772298767224','8',0),(372,101,40,'0.4028888617621528,0.4588832509439868','0.25268735102687256,0.4588832509439868','9',0),(373,102,40,'0.4284444173177083,0.6047860768672951','0.20488731548961214,0.6047860768672951','10',0),(374,103,40,'0.5139999728732639,0.6526468455402465','0.6044378650738178,0.6526468455402465','11',0),(375,114,40,'0.4262221950954861,0.7150108774474256','0.4807119721409938,0.7150108774474256','12',0),(376,119,40,'0.4095555284288194,0.7068890411841687','0.24908938646719134,0.7068890411841687','13',0),(377,115,40,'0.345111083984375,0.6887599621413841','0.345111083984375,0.656819838072428','14',0),(378,116,40,'0.6039999728732639,0.7316896301667876','0.7088219854516705,0.7316896301667876','15',0),(379,89,40,'0.4862221950954861,0.7541696881798404','0.5518154046205769,0.7541696881798404','16',0),(380,104,40,'0.4917777506510417,0.793908620589535','0.5651447462920158,0.793908620589535','17',0),(381,120,40,'0.32733330620659723,0.8337925944836612','0.2469561090225669,0.8337925944836612','18',0),(382,117,40,'0.30066663953993056,0.8055112311769171','0.24733330620659721,0.8055112311769171','19',0),(383,28,41,'0.5106666395399305,0.30941358024691357','0.5106666395399305,0.02623351667029986','1',0),(384,73,41,'0.6428888617621528,0.11481481716956621','0.6428888617621528,0.023126849407140604','2',0),(385,26,41,'0.735111083984375,0.359413582601665','0.779346704511918,0.3901327635235699','3',0),(386,71,41,'0.4039999728732639,0.375','0.30259015768122266,0.375','4',0),(387,70,41,'0.3995555284288194,0.44830246913580246','0.33835357574472874,0.44830246913580246','5',0),(388,101,41,'0.6595555284288195,0.45447530864197533','0.740697075229974,0.45447530864197533','6',0),(389,121,41,'0.5106666395399305,0.531352879088602','0.5975893382759659,0.531352879088602','7',0),(390,122,41,'0.5617777506510416,0.5791923852614415','0.6385168468725173,0.5791923852614415','8',0),(391,123,41,'0.6428888617621528,0.689531867886767','0.8585846924080526,0.689531867886767','9',0),(392,124,41,'0.6017777506510417,0.8192901140377845','0.6773414756995719,0.8192901140377845','10',0),(393,125,41,'0.5406666395399305,0.8361368061583719','0.6344815347746492,0.8361368061583719','11',0),(394,123,41,'0.5739999728732639,0.8958333333333334','0.6484775774282368,0.8958333333333334','12',0),(395,5,42,'0.5239999728732639,0.2185430463576159','0.5239999728732639,0.048013245033112585','1',0),(396,71,42,'0.6828888617621528,0.10397351498635399','0.7897001063729551,0.10397351498635396','2',0),(398,29,42,'0.8117777506510416,0.7632450331125827','0.8879071077502952,0.8766828168697487','3',0),(399,53,42,'0.6573333062065972,0.5182119205298014','0.8731192655434215,0.1966765506570499','4',0),(400,66,42,'0.27288886176215277,0.6142384105960265','0.08657802365802711,0.8918538978372734','5',0),(401,126,43,'0.535111083984375,0.19464464158983202','0.535111083984375,0.06093511089377686','1',0),(402,101,43,'0.37066663953993056,0.14564564564564564','0.26945789546836724,0.14564564564564564','2',0),(403,82,43,'0.5195555284288195,0.8315315361137505','0.5195555284288195,0.8991157849721704','3',0),(404,58,44,'0.39844441731770835,0.279320987654321','0.13731203047764184,0.279320987654321','1',0),(405,127,44,'0.2517777506510417,0.36826131373275944','0.055312065524863036,0.36826131373275944','2',0),(406,116,44,'0.5139999728732639,0.4583333333333333','0.3366776396026259,0.7046143517647749','3',0),(407,89,44,'0.5562221950954861,0.47685185185185186','0.3857834004621944,0.7135723999536457','4',0),(408,128,44,'0.6584444173177083,0.622890943362389','0.7294903944325142,0.7215659115773974','5',0),(409,129,45,'0.4928888617621528,0.23610108854107908','0.1895534934336106,0.23610108854107908','1',0),(410,122,45,'0.4228888617621528,0.29061371841155237','0.13156154595007244,0.29061371841155237','2',0),(411,130,45,'0.33844441731770836,0.3964500564960797','0.02850017701186649,0.3964500564960797','3',0),(412,123,45,'0.37844441731770834,0.48194945848375453','0.11001390811354772,0.91802790303925','4',0),(413,55,45,'0.25844441731770834,0.6155234657039711','0.02334527878616967,0.6155234657039711','5',0),(414,121,45,'0.495111083984375,0.315884476534296','0.8526144293887344,0.31588447653429597','6',0),(415,131,45,'0.5006666395399305,0.4397713561350688','0.6295986246721058,0.4397713561350688','7',0),(416,128,45,'0.6084444173177084,0.7996389891696751','0.6084444173177084,0.9549156185386756','8',0),(417,20,46,'0.47622219509548613,0.24546240276577355','0.47622219509548613,0.024778601971465076','1',0),(418,12,46,'0.7428888617621527,0.411235957693827','0.9754086073726395,0.411235957693827','2',0),(419,23,46,'0.5306666395399305,0.6171132238547969','0.7062257112346766,0.6171132238547969','3',0),(420,69,46,'0.5639999728732639,0.7337942955920485','0.5639999728732639,0.9395005193008333','4',0),(421,132,47,'0.395111083984375,0.11144891643289082','0.2924910849708744,0.035559023982479544','1',0),(422,133,47,'0.4917777506510417,0.2733223757591028','0.4917777506510417,0.0645542112080404','2',0),(423,77,47,'0.5284444173177083,0.3171733771569433','0.6655620112577322,0.3171733771569433','3',0),(424,50,47,'0.555111083984375,0.3418241577649959','0.6100858256592772,0.3418241577649959','4',0),(425,24,47,'0.49066663953993056,0.4387838948233361','0.684717033910969,0.4387838948233361','5',0),(426,134,47,'0.5984444173177084,0.45902492300643233','0.7370975505604328,0.45902492300643233','6',0),(427,33,47,'0.5484444173177083,0.5086277732128184','0.6963265859604123,0.5086277732128184','7',0),(428,55,47,'0.6539999728732638,0.5973705834018077','0.7659082245356121,0.5973705834018077','8',0),(429,23,47,'0.4773333062065972,0.561873461833819','0.26919636173416345,0.561873461833819','9',0),(430,79,47,'0.6984444173177083,0.6507806080525883','0.7877904639531511,0.6507806080525883','10',0),(431,135,47,'0.7028888617621528,0.7236099431234593','0.7774078957048515,0.7236099431234593','11',0),(432,82,47,'0.4962221950954861,0.6631059983566147','0.24606422031618988,0.6631059983566147','12',0),(433,61,47,'0.2762221950954861,0.6900575084576571','0.17932591607049522,0.6900575084576571','13',0),(434,136,47,'0.3628888617621528,0.5396877592865718','0.23177304263764226,0.5396877592865718','14',0),(436,22,47,'0.48955552842881944,0.3040262941659819','0.3121044397060706,0.3040262941659819','15',0),(437,133,48,'0.47955552842881943,0.2682526661197703','0.47955552842881943,0.04429259564476519','1',0),(438,63,48,'0.4662221950954861,0.35438884331419196','0.8773348077053569,0.354388843314192','2',0),(439,50,48,'0.5417777506510416,0.33305988515176377','0.7805916923827423,0.33305988515176377','3',0),(440,45,48,'0.7862221950954861,0.4052502050861362','0.9206850037586263,0.4052502050861362','4',0),(441,136,48,'0.38288886176215275,0.44298605414273995','0.09842488673821455,0.44298605414273995','5',0),(442,23,48,'0.475111083984375,0.5783429040196882','0.10053313218354004,0.5783429040196882','6',0),(443,63,49,'0.4884444173177083,0.3267248215701824','0.18066463393074123,0.3267248215701824','1',0),(444,50,49,'0.575111083984375,0.3346550356859635','0.9010929815352424,0.3346550356859635','2',0),(445,34,49,'0.5073333062065972,0.3901665344964314','0.9163188020404583,0.39016653449643146','3',0),(446,136,49,'0.5795555284288194,0.4773988897700238','0.6985067062962512,0.4773988897700238','4',0),(447,36,49,'0.6128888617621527,0.5820777160983347','0.7928922910847667,0.5820777160983347','5',0),(448,35,49,'0.5039999728732639,0.6764472640761301','0.7851198673342009,0.6764472640761301','6',0),(449,22,50,'0.495111083984375,0.25260663748164125','0.15946540072394927,0.25260663748164125','1',0),(450,63,50,'0.5062221950954862,0.325434439178515','0.9297654501343179,0.32543443917851506','2',0),(451,50,50,'0.45733330620659723,0.32132701662856067','0.18603783155229853,0.32132701662856067','3',0),(452,16,50,'0.5106666395399305,0.4090047417470441','0.9206907279620863,0.4090047417470441','4',0),(453,45,50,'0.7695555284288195,0.4352290679304897','0.9508846405801237,0.4352290679304897','5',0),(454,51,50,'0.6162221950954861,0.4911532409571547','0.9597730071944056,0.4911532409571547','6',0),(455,23,50,'0.475111083984375,0.5513428120063191','0.06814701543971864,0.5513428120063191','7',0),(456,28,50,'0.5017777506510417,0.5338072693931736','0.10720656600486601,0.5338072693931736','8',0),(457,81,50,'0.505111083984375,0.4913112164296998','0.12580535043138366,0.4913112164296998','9',0),(458,73,50,'0.4473333062065972,0.4518167456556082','0.13726162990506136,0.4518167456556082','10',0),(459,63,51,'0.4962221950954861,0.36443148688046645','0.28142973137961036,0.36443148688046645','1',0),(460,20,51,'0.5084444173177083,0.3053935860058309','0.7763051697919172,0.3053935860058309','2',0),(461,77,51,'0.5406666395399305,0.3877551020408163','0.7729127839749638,0.3877551020408163','3',0),(462,34,51,'0.5095555284288195,0.45043731778425655','0.7697074308736777,0.45043731778425655','4',0),(463,16,51,'0.4939999728732639,0.48250728862973763','0.7651315750132808,0.48250728862973763','5',0),(464,81,51,'0.4939999728732639,0.5196793002915452','0.7428913419085258,0.5196793002915452','6',0),(465,73,51,'0.5573333062065973,0.576530612244898','0.67758509965335,0.576530612244898','7',0),(466,59,51,'0.7284444173177084,0.6639941690962099','0.8854299085085966,0.6639941690962099','8',0),(467,28,51,'0.4884444173177083,0.6516034985422741','0.19648636181514215,0.6516034985422741','9',0),(469,8,51,'0.27288886176215277,0.510932944606414','0.10539093474347128,0.510932944606414','10',0),(470,36,52,'0.585111083984375,0.14413075780089152','0.585111083984375,0.03104726543571798','1',0),(471,137,52,'0.5206666395399305,0.3634967775614088','0.28817875322335146,0.3634967775614088','2',0),(472,31,52,'0.5395555284288195,0.43684992570579495','0.7795786754607487,0.43684992570579495','3',0),(473,138,52,'0.6928888617621528,0.40361564828949203','0.8244347510466694,0.22769989738894963','4',0),(474,19,52,'0.765111083984375,0.36968796887334','0.9751140234111868,0.36968796887333993','5',0),(475,139,52,'0.5795555284288194,0.5046557671602201','0.5795555284288194,0.7056953918338548','6',0),(476,140,52,'0.35622219509548614,0.44546805802638606','0.35622219509548614,0.6431409113456718','7',0),(477,85,53,'0.4962221950954861,0.3781094527363184','0.4962221950954861,0.3781094527363184','1',0),(478,141,53,'0.6973333062065972,0.34626866177737614','0.916267311709242,0.3462686617773762','2',0),(479,14,53,'0.5728888617621528,0.5373134328358209','0.6364653928773526,0.5373134328358209','3',0),(480,29,53,'0.5062221950954862,0.5505804311774462','0.5649168433046292,0.6381843837284059','4',0),(481,130,53,'0.40066663953993054,0.7164179104477612','0.49534608573003136,0.8577305167016429','5',0),(482,123,53,'0.3484444173177083,0.7077943665866631','0.26214891581127453,0.5789951106069111','6',0),(483,122,53,'0.3806666395399306,0.6729684959398968','0.3261372273835222,0.5915813136168993','7',0),(484,142,54,'0.5339999728732638,0.19673852620037832','0.6429710303060734,0.03409515689767732','1',0),(485,141,54,'0.4273333062065972,0.15754560530679934','0.38513301950696843,0.2205311078435587','2',0),(486,33,54,'0.6039999728732639,0.4905472687425503','0.5662058587583862,0.5469563942871437','3',0),(487,22,54,'0.735111083984375,0.49585406301824214','0.881178884916462,0.49585406301824214','4',0),(488,16,54,'0.6139999728732639,0.5519071360725668','0.6139999728732639,0.7712142704648262','5',0),(489,99,54,'0.7262221950954861,0.7276948640991009','0.7262221950954861,0.7923714810145237','6',0),(490,14,54,'0.5795555284288194,0.6285240464344942','0.5795555284288194,0.8113142657376247','7',0),(491,23,54,'0.4139999728732639,0.5240464344941956','0.25987960945637767,0.5240464344941956','8',0),(492,86,55,'0.465111083984375,0.14561855670103094','0.231486926599955,0.14561855670103094','1',0),(493,99,55,'0.435111083984375,0.22036082474226804','0.19076514423581906,0.22036082474226804','2',0),(494,14,55,'0.4928888617621528,0.34536082474226804','0.1650809535424791,0.34536082474226804','3',0),(495,50,55,'0.645111083984375,0.3318298969072165','0.8344732361990085,0.3318298969072165','4',0),(496,16,55,'0.6595555284288195,0.37177835051546393','0.8674135046327769,0.37177835051546393','5',0),(497,74,55,'0.6117777506510417,0.4027061855670103','0.8618666237430775,0.4027061855670103','6',0),(498,25,55,'0.7806666395399305,0.5082474148150572','0.9728920730391182,0.5082474148150572','7',0),(499,61,55,'0.7373333062065972,0.8188144251243356','0.7373333062065972,0.8188144251243356','8',0),(500,143,55,'0.425111083984375,0.5377791886477127','0.08055106753111387,0.7375884765394234','9',0),(501,59,55,'0.2939999728732639,0.5541237113402062','0.053474570606055385,0.6936036482219636','10',0),(502,87,55,'0.4373333062065972,0.42783505154639173','0.03762662362702681,0.42783505154639173','11',0),(503,43,55,'0.4473333062065972,0.40335051546391754','0.056504809829673694,0.40335051546391754','12',0),(504,78,29,'0.6226909722222222,0.6446464786135693','0.6226909722222222,0.8546047045637079','6',0);
/*!40000 ALTER TABLE `anatomie_neuro_elements_media` ENABLE KEYS */;
UNLOCK TABLES;

--
-- Table structure for table `anatomie_neuro_elements_structures`
--

DROP TABLE IF EXISTS `anatomie_neuro_elements_structures`;
/*!40101 SET @saved_cs_client     = @@character_set_client */;
/*!40101 SET character_set_client = utf8 */;
CREATE TABLE `anatomie_neuro_elements_structures` (
  `id` int(11) NOT NULL AUTO_INCREMENT,
  `element_id` int(11) NOT NULL,
  `structure_id` int(11) NOT NULL,
  PRIMARY KEY (`id`)
) ENGINE=InnoDB AUTO_INCREMENT=275 DEFAULT CHARSET=utf8;
/*!40101 SET character_set_client = @saved_cs_client */;

--
-- Dumping data for table `anatomie_neuro_elements_structures`
--

LOCK TABLES `anatomie_neuro_elements_structures` WRITE;
/*!40000 ALTER TABLE `anatomie_neuro_elements_structures` DISABLE KEYS */;
INSERT INTO `anatomie_neuro_elements_structures` VALUES (2,1,1),(3,2,1),(5,4,1),(7,6,1),(8,7,1),(9,8,1),(12,11,1),(13,12,1),(15,14,1),(16,15,1),(17,16,1),(18,17,1),(26,25,1),(27,26,1),(30,29,1),(31,30,1),(33,32,1),(34,33,1),(38,37,1),(39,38,1),(40,39,1),(41,40,1),(42,41,1),(43,42,1),(44,43,1),(45,44,1),(49,47,1),(56,54,1),(57,55,1),(58,56,1),(59,57,1),(60,58,1),(62,60,1),(63,61,1),(64,62,1),(65,63,1),(68,66,1),(69,67,1),(71,69,1),(72,70,1),(73,71,1),(74,72,1),(75,73,1),(76,74,1),(89,85,1),(91,86,1),(95,89,1),(96,90,1),(98,91,1),(100,92,1),(102,93,1),(104,94,1),(106,95,1),(108,96,1),(110,97,1),(112,98,1),(114,99,1),(126,105,1),(128,106,1),(132,108,1),(134,109,1),(138,111,1),(140,112,1),(143,27,1),(150,116,1),(156,119,1),(159,28,1),(163,122,1),(165,123,1),(167,124,1),(169,125,1),(172,126,1),(174,127,1),(178,129,1),(182,131,1),(183,23,1),(186,132,1),(189,133,1),(192,24,1),(196,135,1),(198,136,1),(199,22,1),(201,36,1),(202,35,1),(204,59,1),(206,137,1),(207,31,1),(209,138,1),(211,139,1),(213,140,1),(216,141,1),(218,142,1),(224,34,1),(225,50,1),(226,51,1),(227,48,1),(228,49,1),(230,52,1),(231,53,1),(232,110,1),(233,113,1),(234,107,1),(235,3,1),(236,5,1),(237,9,1),(238,10,1),(239,83,1),(240,84,1),(241,130,1),(242,121,1),(244,18,1),(245,68,1),(246,81,1),(247,80,1),(248,75,1),(249,143,1),(250,65,1),(251,64,1),(252,45,1),(253,88,1),(254,46,1),(255,128,1),(256,134,1),(257,78,1),(258,79,1),(259,77,1),(260,19,1),(261,13,1),(262,20,1),(263,82,1),(264,103,1),(265,120,1),(266,114,1),(267,118,1),(268,104,1),(269,87,1),(270,100,1),(271,102,1),(272,101,1),(273,117,1),(274,115,1);
/*!40000 ALTER TABLE `anatomie_neuro_elements_structures` ENABLE KEYS */;
UNLOCK TABLES;

--
-- Table structure for table `anatomie_neuro_media`
--

DROP TABLE IF EXISTS `anatomie_neuro_media`;
/*!40101 SET @saved_cs_client     = @@character_set_client */;
/*!40101 SET character_set_client = utf8 */;
CREATE TABLE `anatomie_neuro_media` (
  `media_id` int(11) NOT NULL AUTO_INCREMENT,
  `url` varchar(255) DEFAULT NULL,
  `name` varchar(255) DEFAULT NULL,
  `typ` varchar(255) DEFAULT '0',
  `ansicht` varchar(255) DEFAULT '0',
  `zoomlevel` varchar(255) DEFAULT '0',
  `bonus` tinyint(1) DEFAULT '0',
  `region` varchar(255) DEFAULT NULL,
  `url_resized` varchar(255) DEFAULT NULL,
  PRIMARY KEY (`media_id`)
) ENGINE=InnoDB AUTO_INCREMENT=57 DEFAULT CHARSET=utf8;
/*!40101 SET character_set_client = @saved_cs_client */;

--
-- Dumping data for table `anatomie_neuro_media`
--

LOCK TABLES `anatomie_neuro_media` WRITE;
/*!40000 ALTER TABLE `anatomie_neuro_media` DISABLE KEYS */;
INSERT INTO `anatomie_neuro_media` VALUES (1,'Gehirn-horizontal-1.jpg','Gehirn_transversal_1','0','','0',0,'','Gehirn-horizontal-1-resized.jpg'),(2,'Gehirn-horizontal-2.jpg','Gehirn_transversal_2','0','','0',0,'','Gehirn-horizontal-2-resized.jpg'),(3,'Gehirn-horizontal-3.jpg','Gehirn_transversal_3','0','','0',0,'','Gehirn-horizontal-3-resized.jpg'),(4,'Gehirn-horizontal-4.jpg','Gehirn_transversal_4','0','','0',0,'','Gehirn-horizontal-4-resized.jpg'),(5,'Gehirn-horizontal-5.jpg','Gehirn_transversal_5','0','','0',0,'','Gehirn-horizontal-5-resized.jpg'),(6,'Gehirn-horizontal-6.jpg','Gehirn_transversal_6','0','','0',0,'','Gehirn-horizontal-6-resized.jpg'),(7,'Gehirn-horizontal-7.jpg','Gehirn_transversal_7','0','','0',0,'','Gehirn-horizontal-7-resized.jpg'),(8,'Gehirn-horizontal-8.jpg','Gehirn_transversal_8','0','','0',0,'','Gehirn-horizontal-8-resized.jpg'),(9,'Gehirn-horizontal-9.jpg','Gehirn_transversal_9','0','','0',0,'','Gehirn-horizontal-9-resized.jpg'),(10,'Gehirn-horizontal-10.jpg','Gehirn_transversal_10','0','','0',0,'','Gehirn-horizontal-10-resized.jpg'),(11,'Gehirn-horizontal-11.jpg','Gehirn_transversal_11','0','','0',0,'','Gehirn-horizontal-11-resized.jpg'),(12,'Gehirn-horizontal-12.jpg','Gehirn_transversal_12','0','','0',0,'','Gehirn-horizontal-12-resized.jpg'),(13,'Gehirn-horizontal-13.jpg','Gehirn_transversal_13','0','','0',0,'','Gehirn-horizontal-13-resized.jpg'),(14,'Gehirn-horizontal-14.jpg','Gehirn_transversal_14','0','','0',0,'','Gehirn-horizontal-14-resized.jpg'),(15,'Gehirn-horizontal-15.jpg','Gehirn_transversal_15','0','','0',0,'','Gehirn-horizontal-15-resized.jpg'),(16,'Gehirn-horizontal-16.jpg','Gehirn_transversal_16','0','','0',0,'','Gehirn-horizontal-16-resized.jpg'),(17,'Gehirn-frontal-1.jpg','Gehirn_koronal_1','0','','0',0,'','Gehirn-frontal-1-resized.jpg'),(18,'Gehirn-koronal-2.jpg','Gehirn_koronal_2','0','','0',0,'','Gehirn-koronal-2-resized.jpg'),(19,'Gehirn-koronal-3.jpg','Gehirn_koronal_3','0','','0',0,'','Gehirn-koronal-3-resized.jpg'),(20,'Gehirn-koronal-4.jpg','Gehirn_koronal_4','0','','0',0,'','Gehirn-koronal-4-resized.jpg'),(21,'Gehirn-koronal-5.jpg','Gehirn_koronal_5','0','','0',0,'','Gehirn-koronal-5-resized.jpg'),(22,'Gehirn-koronal-6.jpg','Gehirn_koronal_6','0','','0',0,'','Gehirn-koronal-6-resized.jpg'),(23,'Gehirn-koronal-7.jpg','Gehirn_koronal_7','0','','0',0,'','Gehirn-koronal-7-resized.jpg'),(24,'Gehirn-koronal-8.jpg','Gehirn_koronal_8','0','','0',0,'','Gehirn-koronal-8-resized.jpg'),(25,'Gehirn-koronal-9.jpg','Gehirn_koronal_9','0','','0',0,'','Gehirn-koronal-9-resized.jpg'),(26,'Gehirn-koronal-10.jpg','Gehirn_koronal_10','0','','0',0,'','Gehirn-koronal-10-resized.jpg'),(27,'Gehirn-koronal-11.jpg','Gehirn_koronal_11','0','','0',0,'','Gehirn-koronal-11-resized.jpg'),(28,'Gehirn-koronal-12.jpg','Gehirn_koronal_12','0','','0',0,'','Gehirn-koronal-12-resized.jpg'),(29,'Gehirn-koronal-13.jpg','Gehirn_koronal_13','0','','0',0,'','Gehirn-koronal-13-resized.jpg'),(30,'Gehirn-koronal-14.jpg','Gehirn_koronal_14','0','','0',0,'','Gehirn-koronal-14-resized.jpg'),(31,'Gehirn-koronal-15.jpg','Gehirn_koronal_15','0','','0',0,'','Gehirn-koronal-15-resized.jpg'),(32,'Gehirn-koronal-16.jpg','Gehirn_koronal_16','0','','0',0,'','Gehirn-koronal-16-resized.jpg'),(33,'1-7-323.jpg','Gehirn-sagittal-1','0','','0',0,'','1-7-323-resized.jpg'),(34,'1-7-314-a.jpg','Gehirn-sagittal-2','0','','0',0,'','1-7-314-a-resized.jpg'),(35,'1-7-325.jpg','Gehirn-sagittal-3','0','','0',0,'','1-7-325-resized.jpg'),(36,'Sebesteny-Abb-2-2.jpg','Sebesteny Abbildung 2.2','0','','0',0,'','Sebesteny-Abb-2-2-resized.jpg'),(37,'Sebesteny-Abb-3-3.jpg','Sebesteny Abbildung 3.3','0','','0',0,'','Sebesteny-Abb-3-3-resized.jpg'),(38,'Sebesteny-Abb-3-7.jpg','Sebesteny Abbildung 3.7','0','','0',0,'','Sebesteny-Abb-3-7-resized.jpg'),(39,'Sebesteny-Abb-6-2.jpg','Sebesteny Abbildung 6.2','0','','0',0,'','Sebesteny-Abb-6-2-resized.jpg'),(40,'Sebesteny-Abb-6-3.jpg','Sebesteny Abbildung 6.3','0','','0',0,'','Sebesteny-Abb-6-3-resized.jpg'),(41,'Sebesteny-Abb-6-4.jpg','Sebesteny Abbildung 6.4','0','','0',0,'','Sebesteny-Abb-6-4-resized.jpg'),(42,'Sebesteny-Abb-6-9.jpg','Sebesteny Abbildung 6.9','0','','0',0,'','Sebesteny-Abb-6-9-resized.jpg'),(43,'Sebesteny-Abb-7-2.jpg','Sebesteny Abbildung 7.2','0','','0',0,'','Sebesteny-Abb-7-2-resized.jpg'),(44,'Sebesteny-Abb-7-4.jpg','Sebesteny Abbildung 7.4','0','','0',0,'','Sebesteny-Abb-7-4-resized.jpg'),(45,'Sebesteny-Abb-7-5.jpg','Sebesteny Abbildung 7.5','0','','0',0,'','Sebesteny-Abb-7-5-resized.jpg'),(46,'Sebesteny-Abb-8-1.jpg','Sebesteny Abbildung 8.1','0','','0',0,'','Sebesteny-Abb-8-1-resized.jpg'),(47,'Sebesteny-Abb-8-2.jpg','Sebesteny Abbildung 8.2','0','','0',0,'','Sebesteny-Abb-8-2-resized.jpg'),(48,'Sebesteny-Abb-8-4.jpg','Sebesteny Abbildung 8.4','0','','0',0,'','Sebesteny-Abb-8-4-resized.jpg'),(49,'Sebesteny-Abb-8-6.jpg','Sebesteny Abbildung 8.6','0','','0',0,'','Sebesteny-Abb-8-6-resized.jpg'),(50,'Sebesteny-Abb-8-8.jpg','Sebesteny Abbildung 8.8','0','','0',0,'','Sebesteny-Abb-8-8-resized.jpg'),(51,'Sebesteny-Abb-8-10.jpg','Sebesteny Abbildung 8.10','0','','0',0,'','Sebesteny-Abb-8-10-resized.jpg'),(52,'Sebesteny-Abb-8-12.jpg','Sebesteny Abbildung 8.12','0','','0',0,'','Sebesteny-Abb-8-12-resized.jpg'),(53,'Sebesteny-Abb-9-2.jpg','Sebesteny Abbildung 9.2','0','','0',0,'','Sebesteny-Abb-9-2-resized.jpg'),(54,'Sebesteny-Abb-9-5.jpg','Sebesteny Abbildung 9.5','0','','0',0,'','Sebesteny-Abb-9-5-resized.jpg'),(55,'Sebesteny-Abb-9-7.jpg','Sebesteny Abbildung 9.7','0','','0',0,'','Sebesteny-Abb-9-7-resized.jpg'),(56,'Sebesteny-Abb-3-3.jpg','Sebesteny Abbildung 3.3 (2)','0','','0',0,'','Sebesteny-Abb-3-3-resized.jpg');
/*!40000 ALTER TABLE `anatomie_neuro_media` ENABLE KEYS */;
UNLOCK TABLES;

--
-- Table structure for table `anatomie_neuro_questions`
--

DROP TABLE IF EXISTS `anatomie_neuro_questions`;
/*!40101 SET @saved_cs_client     = @@character_set_client */;
/*!40101 SET character_set_client = utf8 */;
CREATE TABLE `anatomie_neuro_questions` (
  `question_id` int(11) NOT NULL AUTO_INCREMENT,
  `element_id` int(11) DEFAULT NULL,
  `title` varchar(255) NOT NULL,
  `info` varchar(255) DEFAULT NULL,
  `level` tinyint(4) NOT NULL,
  `typ` tinyint(4) NOT NULL,
  `sequenz` tinyint(4) NOT NULL,
  `modus` tinyint(4) NOT NULL,
  `correct_answers_needed` tinyint(4) DEFAULT NULL,
  `published` tinyint(1) NOT NULL DEFAULT '0',
  PRIMARY KEY (`question_id`),
  KEY `idx_questions_element_id` (`element_id`)
) ENGINE=InnoDB AUTO_INCREMENT=141 DEFAULT CHARSET=utf8;
/*!40101 SET character_set_client = @saved_cs_client */;

--
-- Dumping data for table `anatomie_neuro_questions`
--

LOCK TABLES `anatomie_neuro_questions` WRITE;
/*!40000 ALTER TABLE `anatomie_neuro_questions` DISABLE KEYS */;
INSERT INTO `anatomie_neuro_questions` VALUES (1,1,'Benennen Sie die markierte Struktur.',NULL,0,1,0,0,1,0),(2,1,'Aus welchem Gefäss geht diese Arterie hervor?',NULL,0,1,1,0,1,0),(3,1,'Durch welche Öffnung an der Schädelbasis tritt diese Arterie hindurch?',NULL,0,1,1,0,1,0),(4,1,'Nennen Sie das Hauptgefäss, welches aus dieser Arterie hervorgeht.',NULL,0,1,1,0,1,0),(5,1,'Nennen Sie das erste Gefäss, welches aus dieser Arterie hervorgeht.',NULL,0,1,1,0,1,0),(6,1,'Welches Nervengeflecht welcher Qualität umgibt diese Arterie bei Durchtritt durch die Schädelbasis?',NULL,0,1,1,0,2,0),(7,2,'Benennen Sie die markierte Struktur.',NULL,0,1,0,0,1,0),(8,2,'Aus welchem Gefäss geht diese Arterie hervor?',NULL,0,1,1,0,1,0),(9,2,'In welche Segmente unterteilt man diese Arterie?',NULL,0,1,1,0,2,0),(10,2,'Wie heisst das Segment dieser Arterie nach der A. communicans anterior?',NULL,0,1,1,0,1,0),(11,3,'Benennen Sie die markierte Struktur.',NULL,0,1,0,0,1,0),(12,3,'Aus welchem Gefäss geht diese Arterie hervor?',NULL,0,1,1,0,1,0),(13,3,'In welche Segmente wird diese Arterie unterteilt?',NULL,0,1,1,0,3,0),(14,3,'Wie bezeichnet man den Infarkt bei Verschluss dieses Gefässes?',NULL,0,1,1,0,1,0),(15,3,'Wie bezeichnet man die Furchung, in der diese Arterie zur Hirnoberfläche zieht?',NULL,0,1,1,0,1,0),(16,3,'Welchem Gefässsegment entspricht die Pars insularis dieser Arterie?',NULL,0,1,1,0,1,0),(17,4,'Benennen Sie die markierte Struktur.',NULL,0,1,0,0,1,0),(18,4,'Welche diencephalen Strukturen liegen in der Umgebung dieser Struktur?',NULL,0,1,1,0,1,0),(19,4,'Welche Bahnen kreuzen in dieser diencephalen Struktur?',NULL,0,1,1,0,1,0),(20,4,'In welchem Ventrikel befindet sich diese Struktur?',NULL,0,1,1,0,1,0),(21,4,'Aus welchem Gewebe besteht diese Struktur?',NULL,0,1,1,0,1,0),(22,5,'Benennen Sie die markierte Struktur.',NULL,0,1,0,0,1,0),(23,5,'Welche Abschnitte der inneren Liquorräume des Gehirns werden durch diese Struktur verbunden?',NULL,0,1,1,0,2,0),(24,5,'In welchem Hirnabschnitt befindet sich diese Struktur?',NULL,0,1,1,0,1,0),(25,5,'Welches Kerngebiet umgibt diese Struktur?',NULL,0,1,1,0,1,0),(26,5,'Welcher Anteil des Plexus choroideus findet sich in dieser Struktur?',NULL,0,1,1,0,1,0),(27,86,'Benennen Sie die markierte Struktur.',NULL,0,1,0,0,1,0),(28,86,'In welchem Abschnitt der Schädelhöhle befindet sich diese Struktur?',NULL,0,1,1,0,1,0),(29,86,'Welche Fasern gehen aus dieser Struktur hervor?',NULL,0,1,1,0,1,0),(30,86,'Durch welche knöcherne Struktur ziehen die Riechfäden hier durch den Schädelknochen?',NULL,0,1,1,0,1,0),(31,86,'Durch welche Faserbahn gelangen die Riechfäden von hier zentralwärts zum Gehirn?',NULL,0,1,1,0,1,0),(32,86,'Welchem funktionellen System wird diese Struktur zugeordnet?',NULL,0,1,1,0,1,0),(33,6,'Benennen Sie die markierte Struktur.',NULL,0,1,0,0,1,0),(34,6,'Zwischen welchen Hirnstrukturen liegt diese weisse Substanz?',NULL,0,1,1,0,2,0),(35,6,'In welchem Hirnabschnitt befindet sich diese Struktur?',NULL,0,1,1,0,1,0),(36,7,'Benennen Sie die markierte Struktur.',NULL,0,1,0,0,1,0),(37,7,'Welche graue Substanz liegt oberflächlich (oder lateral) von dieser Struktur?',NULL,0,1,1,0,1,0),(38,7,'Welche graue Substanz liegt medial dieser Struktur an?',NULL,0,1,1,0,1,0),(39,8,'Benennen Sie die markierte Struktur.',NULL,0,1,0,0,1,0),(40,8,'Benennen Sie die Abschnitte dieser Struktur.',NULL,0,1,1,0,3,0),(41,8,'Welche grosse und wichtige efferente Bahn zieht im hinteren Anteil durch diese Struktur?',NULL,0,1,1,0,1,0),(42,8,'In welchem Anteil dieser Struktur verläuft der Tractus corticopontinus?',NULL,0,1,1,0,1,0),(43,8,'In welchem Anteil dieser Struktur verlaufen die Fibrae corticonucleares?',NULL,0,1,1,0,1,0),(44,8,'In welchem Anteil dieser Struktur verlaufen die Fibrae corticospinales für das Bein?',NULL,0,1,1,0,1,0),(45,8,'Aus welchen Hirnarterien wird diese Struktur mit Blut versorgt?',NULL,0,1,1,0,2,0),(46,50,'Benennen Sie die markierte Struktur.',NULL,0,1,0,0,1,0),(47,50,'Woher erhält diese Struktur die meisten Afferenzen?',NULL,0,1,1,0,1,0),(48,50,'Zu welcher funktionellen Einheit gehört diese Struktur?',NULL,0,1,1,0,1,0),(49,50,'In welchem Hirnabschnitt befindet sich diese Struktur?',NULL,0,1,1,0,1,0),(50,50,'Welche Struktur liegt medial der Markierten?',NULL,0,1,1,0,1,0),(51,51,'Benennen Sie die markierte Struktur.',NULL,0,1,0,0,1,0),(52,51,'Zu welcher funktionellen Einheit gehört diese Struktur?',NULL,0,1,1,0,1,0),(53,51,'In welchem Hirnabschnitt befindet sich diese Struktur?',NULL,0,1,1,0,1,0),(54,12,'Benennen Sie die markierte Struktur.',NULL,0,1,0,0,1,0),(55,12,'Welche Struktur / welcher Raum befindet sich caudal bzw. basal dieser Struktur?',NULL,0,1,1,0,1,0),(56,12,'Welche Faserbahnen finden sich in dieser Struktur?',NULL,0,1,1,0,3,0),(57,12,'In welchem Hirnabschnitt befindet sich diese Struktur?',NULL,0,1,1,0,1,0),(58,13,'Benennen Sie die markierte Struktur.',NULL,0,1,0,0,1,0),(59,13,'In welchem Abschnitt der Schädelbasis befindet sich diese Struktur?',NULL,0,1,1,0,1,0),(60,13,'Durch welche Struktur wird die Markierte bedeckt?',NULL,0,1,1,0,1,0),(61,13,'Welcher Hirnabschnitt schliesst sich caudal an diese Struktur an?',NULL,0,1,1,0,1,0),(62,13,'Welche Arterien versorgen diese Struktur?',NULL,0,1,1,0,3,0),(63,13,'Welcher Abschnitt der inneren Liquorräume befindet sich ventral dieser Struktur?',NULL,0,1,1,0,1,0),(64,13,'Nennen Sie mindestens fünf anatomisch definierte Bereiche dieser Struktur.',NULL,0,1,1,0,1,0),(65,13,'Welcher Anteil dieser Struktur ist an der sogenannten \"unteren Einklemmung\" bei erhöhtem intrakraniellem Druck beteiligt?',NULL,0,1,1,0,1,0),(66,14,'Benennen Sie die markierte Struktur.',NULL,0,1,0,0,1,0),(67,14,'Zu welchem Hirnabschnitt gehört diese Struktur?',NULL,0,1,1,0,1,0),(68,14,'Welchem sensorischen System wird diese Struktur zugeordnet?',NULL,0,1,1,0,1,0),(69,14,'Wie nennt man den Anteil des äusseren Liquorraums, der diese Struktur umgibt?',NULL,0,1,1,0,1,0),(70,14,'Die Fasern aus welchem Teil der Retina kreuzen in dieser Struktur?',NULL,0,1,1,0,1,0),(71,14,'Wie heisst die Faserbahn rostral dieser Struktur?',NULL,0,1,1,0,1,0),(72,14,'Wie heisst die Faserbahn caudal dieser Struktur?',NULL,0,1,1,0,1,0),(73,14,'In welcher anatomischen Struktur liegen die Nervenzellen, zu der die afferenten Fasern aus dieser Struktur ziehen?',NULL,0,1,1,0,1,0),(74,15,'Benennen Sie die markierte Struktur.',NULL,0,1,0,0,1,0),(75,15,'In welcher Hirnregion befindet sich diese Struktur?',NULL,0,1,1,0,1,0),(76,15,'Besteht diese Struktur aus grauer oder weisser Substanz?',NULL,0,1,1,0,1,0),(77,15,'Unter welchem cortikalen Rindengebiet befindet sich diese Struktur?',NULL,0,1,1,0,1,0),(78,15,'Welche weisse Substanz liegt dieser Struktur nach aussen (lateral) hin auf?',NULL,0,1,1,0,1,0),(79,15,'Wie heisst die Struktur, die medial der Markierten liegt?',NULL,0,1,1,0,1,0),(80,70,'Benennen Sie die markierte Struktur.',NULL,0,1,0,0,1,0),(81,70,'In welchem Hirnabschnitt befindet sich diese Struktur?',NULL,0,1,1,0,1,0),(82,70,'Welchem funktionellen oder sensorischen System wird diese Struktur zugeordnet?',NULL,0,1,1,0,1,0),(83,70,'Zu welchem Zielgebiet ziehen die Projektionsfasern aus dieser Struktur?',NULL,0,1,1,0,1,0),(84,70,'Wie heisst der Abschnitt der äusseren Liquorräume, welcher dieser Struktur lateral benachbart ist?',NULL,0,1,1,0,1,0),(85,71,'Benennen Sie die markierte Struktur.',NULL,0,1,0,0,1,0),(86,71,'In welchem Hirnabschnitt befindet sich diese Struktur?',NULL,0,1,1,0,1,0),(87,71,'Welchem funktionellen oder sensorischen System wird diese Struktur zugeordnet?',NULL,0,1,1,0,1,0),(88,71,'Woher kommen die afferenten Fasern, die zu dieser Struktur ziehen?',NULL,0,1,1,0,1,0),(89,71,'Wie heisst der Abschnitt der äusseren Liquorräume, welcher dieser Struktur lateral benachbart ist?',NULL,0,1,1,0,1,0),(90,34,'Benennen Sie die markierte Struktur.',NULL,0,1,0,0,1,0),(91,34,'Welche Hirnanteile werden durch die Bahnen, die in dieser Struktur verlaufen, verbunden?',NULL,0,1,1,0,2,0),(92,16,'Benennen Sie die markierte Struktur.',NULL,0,1,0,0,1,0),(93,16,'Welche Hirnanteile werden durch die in dieser Struktur kreuzenden Fasern verbunden?',NULL,0,1,1,0,2,0),(94,16,'Welchem Typ bzw. welcher Art von weisser Substanz entspricht diese Struktur?',NULL,0,1,1,0,1,0),(95,16,'Welche anderen Bahnen bzw. Verbindungen dieses Typs im Telencephalon kennen Sie?',NULL,0,1,1,0,2,0),(96,17,'Benennen Sie die markierte Struktur.',NULL,0,1,0,0,1,0),(97,17,'Welche Hirngebiete beider Seiten werden durch diese Kommissur verbunden?',NULL,0,1,1,0,1,0),(98,17,'Welche inneren Liquorräume befinden sich in unmittelbarer Nähe dieser Struktur?',NULL,0,1,1,0,1,0),(99,77,'Benennen Sie die markierte Struktur.',NULL,0,1,0,0,1,0),(100,77,'Welche Zellen bilden die Grenze dieses Liquorraums zum Hirngewebe?',NULL,0,1,1,0,1,0),(101,77,'Welches Kerngebiet der Basalganglien liegt unmittelbar lateral dieser Struktur?',NULL,0,1,1,0,1,0),(102,77,'Welche anderen Abschnitte der Seitenventrikel kennen Sie?',NULL,0,1,1,0,2,0),(103,77,'In welchem Abschnitt des Telencephalons befindet sich diese Struktur?',NULL,0,1,1,0,1,0),(104,77,'Wie heissen die Öffnungen, welche die Seitenventrikel mit dem Ventriculus tertius verbinden?',NULL,0,1,1,0,1,0),(105,78,'Benennen Sie die markierte Struktur.',NULL,0,1,0,0,1,0),(106,78,'Welches Kerngebiet liegt vor dem rostralen Ende dieser Struktur?',NULL,0,1,1,0,1,0),(107,78,'Welche Hirnformation begleitet diese Struktur?',NULL,0,1,1,0,1,0),(108,78,'Welche anderen Abschnitte der Seitenventrikel kennen Sie?',NULL,0,1,1,0,2,0),(109,78,'In welchem Abschnitt des Telencephalons befindet sich diese Struktur?',NULL,0,1,1,0,1,0),(110,78,'Welcher Anteil des Plexus choroideus befindet sich in dieser Struktur?',NULL,0,1,1,0,1,0),(111,93,'Benennen Sie die markierte Struktur.',NULL,0,1,0,0,1,0),(112,93,'Welcher Blutungstyp entsteht bei einer Verletzung dieser Gefässe?',NULL,0,1,1,0,1,0),(113,79,'Benennen Sie die markierte Struktur.',NULL,0,1,0,0,1,0),(114,79,'In welchem Abschnitt des Telencephalons befindet sich diese Struktur?',NULL,0,1,1,0,1,0),(115,79,'Welche Anteile des Plexus choroideus befinden sich in dieser Struktur?',NULL,0,1,1,0,1,0),(116,85,'Benennen Sie die markierte Struktur.',NULL,0,1,0,0,1,0),(117,85,'In welchem Hirnabschnitt befindet sich diese Struktur?',NULL,0,1,1,0,1,0),(118,85,'Welche Bahnen finden sich in dieser Struktur?',NULL,0,1,1,0,1,0),(119,85,'Welche graue Substanz wird von Bahnen dieser Struktur durchzogen?',NULL,0,1,1,0,1,0),(120,19,'Benennen Sie die markierte Struktur.',NULL,0,1,0,0,1,0),(121,19,'Welche Bezeichnungen oder Synonyme für diese Struktur kennen Sie?',NULL,0,1,1,0,2,0),(122,19,'Wo befindet sich diese Struktur?',NULL,0,1,1,0,1,0),(123,19,'Welche Struktur befindet sich dorsal/occipital dieses Kerngebiets?',NULL,0,1,1,0,1,0),(124,19,'Diese Struktur befindet sich rostral welcher Formation?',NULL,0,1,1,0,1,0),(125,19,'Nennen Sie zwei Funktionen, welche dieser Struktur zugeschrieben werden.',NULL,0,1,1,0,2,0),(126,20,'Benennen Sie die markierte Struktur.',NULL,0,1,0,0,1,0),(127,20,'Welche Bahnen befinden sich in dieser Struktur?',NULL,0,1,1,0,1,0),(128,20,'In welchem Hirnabschnitt befindet sich diese Struktur?',NULL,0,1,1,0,1,0),(129,20,'In welchem Schnitt durch das Gehirn sind die Bahnen dieser Struktur quer angeschnitten?',NULL,0,1,1,0,1,0),(130,20,'In welche Abschnitte wird diese Struktur unterteilt?',NULL,0,1,1,0,4,0),(131,25,'Benennen Sie die markierte Struktur.',NULL,0,1,0,0,1,0),(132,25,'Zu welchem funktionellen System gehört diese Struktur?',NULL,0,1,1,0,1,0),(133,25,'Zu welchem Hirnabschnitt gehört diese Struktur?',NULL,0,1,1,0,1,0),(134,25,'Welchem Kerngebiet wird diese Struktur zugeordnet?',NULL,0,1,1,0,1,0),(135,25,'Woher stammen die wichtigsten Afferenzen dieses Kerngebiets?',NULL,0,1,1,0,1,0),(136,26,'Benennen Sie die markierte Struktur.',NULL,0,1,0,0,1,0),(137,26,'Zu welchem funktionellen System gehört diese Struktur?',NULL,0,1,1,0,1,0),(138,26,'Welchem Kerngebiet wird diese Struktur zugeordnet?',NULL,0,1,1,0,1,0),(139,26,'Über welche Struktur gelangen die wichtigsten Afferenzen zu diesem Kerngebiet?',NULL,0,1,1,0,1,0),(140,26,'Wohin ziehen die Efferenzen für die auditorische Information?',NULL,0,1,1,0,1,0);
/*!40000 ALTER TABLE `anatomie_neuro_questions` ENABLE KEYS */;
UNLOCK TABLES;

--
-- Table structure for table `anatomie_neuro_structures`
--

DROP TABLE IF EXISTS `anatomie_neuro_structures`;
/*!40101 SET @saved_cs_client     = @@character_set_client */;
/*!40101 SET character_set_client = utf8 */;
CREATE TABLE `anatomie_neuro_structures` (
  `structure_id` int(11) NOT NULL AUTO_INCREMENT,
  `parent_id` int(11) DEFAULT NULL,
  `name` varchar(255) DEFAULT NULL,
  PRIMARY KEY (`structure_id`)
) ENGINE=InnoDB AUTO_INCREMENT=2 DEFAULT CHARSET=utf8;
/*!40101 SET character_set_client = @saved_cs_client */;

--
-- Dumping data for table `anatomie_neuro_structures`
--

LOCK TABLES `anatomie_neuro_structures` WRITE;
/*!40000 ALTER TABLE `anatomie_neuro_structures` DISABLE KEYS */;
INSERT INTO `anatomie_neuro_structures` VALUES (1,NULL,'Neuroanatomie');
/*!40000 ALTER TABLE `anatomie_neuro_structures` ENABLE KEYS */;
UNLOCK TABLES;

--
-- Table structure for table `anatomie_neuro_topics`
--

DROP TABLE IF EXISTS `anatomie_neuro_topics`;
/*!40101 SET @saved_cs_client     = @@character_set_client */;
/*!40101 SET character_set_client = utf8 */;
CREATE TABLE `anatomie_neuro_topics` (
  `topic_id` int(11) NOT NULL AUTO_INCREMENT,
  `name` varchar(255) DEFAULT NULL,
  PRIMARY KEY (`topic_id`)
) ENGINE=InnoDB AUTO_INCREMENT=2 DEFAULT CHARSET=utf8;
/*!40101 SET character_set_client = @saved_cs_client */;

--
-- Dumping data for table `anatomie_neuro_topics`
--

LOCK TABLES `anatomie_neuro_topics` WRITE;
/*!40000 ALTER TABLE `anatomie_neuro_topics` DISABLE KEYS */;
INSERT INTO `anatomie_neuro_topics` VALUES (1,'Neuroanatomie');
/*!40000 ALTER TABLE `anatomie_neuro_topics` ENABLE KEYS */;
UNLOCK TABLES;

--
-- Table structure for table `anatomie_neuro_topics_topics`
--

DROP TABLE IF EXISTS `anatomie_neuro_topics_topics`;
/*!40101 SET @saved_cs_client     = @@character_set_client */;
/*!40101 SET character_set_client = utf8 */;
CREATE TABLE `anatomie_neuro_topics_topics` (
  `id` int(11) NOT NULL AUTO_INCREMENT,
  `topic1_id` int(11) NOT NULL,
  `topic2_id` int(11) NOT NULL,
  PRIMARY KEY (`id`)
) ENGINE=InnoDB DEFAULT CHARSET=utf8;
/*!40101 SET character_set_client = @saved_cs_client */;

--
-- Dumping data for table `anatomie_neuro_topics_topics`
--

LOCK TABLES `anatomie_neuro_topics_topics` WRITE;
/*!40000 ALTER TABLE `anatomie_neuro_topics_topics` DISABLE KEYS */;
/*!40000 ALTER TABLE `anatomie_neuro_topics_topics` ENABLE KEYS */;
UNLOCK TABLES;

--
-- Table structure for table `anatomie_neuro_users`
--

DROP TABLE IF EXISTS `anatomie_neuro_users`;
/*!40101 SET @saved_cs_client     = @@character_set_client */;
/*!40101 SET character_set_client = utf8 */;
CREATE TABLE `anatomie_neuro_users` (
  `id` int(10) unsigned NOT NULL AUTO_INCREMENT,
  `username` varchar(255) DEFAULT NULL,
  `password` varchar(255) DEFAULT NULL,
  `role` varchar(255) DEFAULT NULL,
  `created` datetime DEFAULT NULL,
  `modified` datetime DEFAULT NULL,
  PRIMARY KEY (`id`)
) ENGINE=InnoDB AUTO_INCREMENT=6 DEFAULT CHARSET=latin1;
/*!40101 SET character_set_client = @saved_cs_client */;

--
-- Dumping data for table `anatomie_neuro_users`
--

LOCK TABLES `anatomie_neuro_users` WRITE;
/*!40000 ALTER TABLE `anatomie_neuro_users` DISABLE KEYS */;
INSERT INTO `anatomie_neuro_users` VALUES (4,'nmc','39dbe3a13157e92384cebbb41dd3e52b871e27e9cbf3ef62d68eea1eee563919','admin','2017-10-12 15:48:51','2017-10-12 15:48:51'),(5,'anatomie','76afccb0ce2af30a12da95083505600a6869df6d107500162a3a346a6a6419c3','admin','2017-10-31 12:05:12','2017-10-31 12:05:12');
/*!40000 ALTER TABLE `anatomie_neuro_users` ENABLE KEYS */;
UNLOCK TABLES;
/*!40103 SET TIME_ZONE=@OLD_TIME_ZONE */;

/*!40101 SET SQL_MODE=@OLD_SQL_MODE */;
/*!40014 SET FOREIGN_KEY_CHECKS=@OLD_FOREIGN_KEY_CHECKS */;
/*!40014 SET UNIQUE_CHECKS=@OLD_UNIQUE_CHECKS */;
/*!40101 SET CHARACTER_SET_CLIENT=@OLD_CHARACTER_SET_CLIENT */;
/*!40101 SET CHARACTER_SET_RESULTS=@OLD_CHARACTER_SET_RESULTS */;
/*!40101 SET COLLATION_CONNECTION=@OLD_COLLATION_CONNECTION */;
/*!40111 SET SQL_NOTES=@OLD_SQL_NOTES */;

-- Dump completed on 2019-01-08 17:19:12
